"key","message","comment","context"
"${fullName} variants","$ {fullName} biến thể",,
"%D : Day","%D : Ngày",,
"%FM : Full Month (01, 02, 03, ...)","%FM : Tháng đầy đủ (01, 02, 03, ...)",,
"%M : Month (1, 2, 3, ...)","%M : Tháng (1, 2, 3, ...)",,
"%WY : Week number","%WY : Tuần trong năm",,
"%YY : Year (17)","%YY : Năm (17)",,
"%YYYY : Full Year (2017)","%YYYY: Năm đầy đủ (2017)",,
"%d anomalies.","%d dị thường.",,
"%d anomaly.","%d dị thường.",,
"%d record processed successfully,","%d bản ghi được xử lý thành công,",,
"%d records processed successfully,","%d bản ghi được xử lý thành công,",,
"%s : Path to Birt template is incorrect","%s : Đường dẫn tới BIRT Template không chính xác",,
"%s : Please, configure a currency for the company %s","%s: Hãy cấu hình một loại tiền tệ cho công ty %s",,
"%s SIRET Number required. Please configure SIRET Number for partner %s","%s Số  SIRET là bắt buộc. Hãy cấu hình số SIRET cho đối tác %s",,
"%s cell is not valid.","%s ô (cell) không hợp lệ.",,
"%s configuration file is not exist.","%s tệp cấu hình không tồn tại",,
"%s file not found in %s.","%s tệp không được tìm thấy trong %s.",,
"%s module does not exist.","%s mô-đun không tồn tại.",,
"%s row must not be empty.","%s hàng không được để trống.",,
"'%s' field for '%s' is invalid.","'%s' trường cho '%s' là không hợp lệ.",,
"'OneToMany' and 'ManyToMany' fields doesn't allowed","Các trường 'OneToMany' và 'ManyToMany' không được phép dùng",,
"'OneToMany' field doesn't allowed","Trường 'OneToMany' và 'ManyToMany' không được phép dùng",,
"(AUX)","(AUX)",,
"(L')","(L')",,
"(LA)","(LA)",,
"(LE)","(LE)",,
"(LES)","(LES)",,
"(LOS)","(LOS)",,
"* %s anomaly(ies)","* %s dị thường",,
"* %s object(s) into alarm","* %s (các) đối tượng vào cảnh báo",,
"- Not null :","- Có giá trị :",,
"- Succeeded :","- Thành công:",,
"0","0",,
"1","1",,
"2","2",,
"3","3",,
"4","4",,
"5","5",,
"6","6",,
"7","7",,
"8","8",,
"9","9",,
"1","1",,
"1 Month","1 Tháng",,
"1 Year","1 Năm",,
"10","10",,
"11","11",,
"12","12",,
"13","13",,
"14","14",,
"15","15",,
"16","16",,
"17","17",,
"18","18",,
"19","19",,
"1st Period From","Giai đoạn 1 từ",,
"2","2",,
"2 Months","2 Tháng",,
"20","20",,
"21","21",,
"22","22",,
"23","23",,
"24","24",,
"25","25",,
"26","26",,
"27","27",,
"28","28",,
"2nd Period From","Giai đoạn 2 từ",,
"3","3",,
"3 Months","3 Tháng",,
"4","4",,
"5","5",,
"6","6",,
"6 Months","6 Tháng",,
"7","7",,
"8","8",,
"9","9",,
"<","<",,
"<B>%s</B> not found","<b>%s</b> không tìm thấy",,
"<a class='fa fa-facebook' href='http://www.facebook.com' target='_blank' />","<a class='fa fa-facebook' href='http://www.facebook.com' target='_blank' />",,
"<a class='fa fa-google' href='http://www.google.com' target='_blank' />","<a class='fa fa-google' href='http://www.google.com' target='_blank' />",,
"<a class='fa fa-linkedin' href='http://www.linkedin.com' target='_blank' />","<a class='fa fa-linkedin' href='http://www.linkedin.com' target='_blank' />",,
"<a class='fa fa-twitter' href='http://www.twitter.com' target='_blank' />","<a class='fa fa-twitter' href='http://www.twitter.com' target='_blank' />",,
"<a class='fa fa-youtube' href='http://www.youtube.com' target='_blank' />","<a class='fa fa-youtube' href='http://www.youtube.com' target='_blank' />",,
"<br/>Example:<br/>Start unit : m3<br/>End unit : kg<br/><strong>$Product.netMass$ / $Product.articleVolume$</strong><br/>","<br/>Ví dụ:<br/>Đơn vị đầu : m3<br/>Đơn vị cuối : kg<br/><strong>$Product.netMass$ / $Product.articleVolume$</strong><br/>",,
"<span class='label label-warning'>Invalid IBAN</span>","<span class='label label-warning'>IBAN không hợp lệ</span>",,
"<span class='label label-warning'>Please add an invoice address and a delivery address by default.</span>","<span class='label label-warning'>Hãy thêm địa chỉ viết hóa đơn và địa chỉ giao hàng mặc định.</span>",,
"<span class='label label-warning'>There is already a contact with this name.</span>","<span class='label label-warning'>Đã tồn tại danh bạ với tên này.</span>",,
"<span class='label label-warning'>There is already a partner with this name.</span>","<span class='label label-warning'>Đã tồn tại đối tác với tên này.</span>",,
"=","=",,
">",">",,
"A product of type service can't be procured from stock.","Một sản phẩm của dịch vụ loại không thể được mua từ kho.",,
"A user with this login already exists.","Người dùng với tên đăng nhập này đã tồn tại.",,
"A.T.I. by default","A.T.I. Theo mặc định",,
"ABC Analysis","ABC Analysis",,
"ABC Analysis N°","ABC Analysis N°",,
"ABC Analysis NÂ°","ABC Analysis NÂ°",,
"ABC Analysis line","ABC Analysis line",,
"ABC Analysis lines","ABC Analysis lines",,
"ABC Classes","ABC Classes",,
"ABC class","ABC class",,
"ABC classes","ABC classes",,
"ARTMIN","ARTMIN",,
"AZTEC","AZTEC",,
"AbcAnalysis.analysisResult","AbcAnalysis.analysisResult",,
"AbcAnalysis.company","AbcAnalysis.company",,
"AbcAnalysis.createdBy","AbcAnalysis.createdBy",,
"AbcAnalysis.description","AbcAnalysis.description",,
"AbcAnalysisLine.category","AbcAnalysisLine.category",,
"AbcAnalysisLine.class","AbcAnalysisLine.class",,
"AbcAnalysisLine.code","AbcAnalysisLine.code",,
"AbcAnalysisLine.cumulatedQty","AbcAnalysisLine.cumulatedQty",,
"AbcAnalysisLine.cumulatedWorth","AbcAnalysisLine.cumulatedWorth",,
"AbcAnalysisLine.name","AbcAnalysisLine.name",,
"AbcAnalysisLine.qty","AbcAnalysisLine.qty",,
"AbcAnalysisLine.worth","AbcAnalysisLine.worth",,
"Account Number","Số tài khoản",,
"Account config","Cấu hình tài khoản",,
"Account management","Quản lý tài khoản",,
"Account management filters","Bộ lọc quản lý tài khoản",,
"Account management list","Danh sách quản lý tài khoản",,
"Account managements","Quản lý tài khoản",,
"Account moves","Bút toán kế toán",,
"Accounting","Kế toán",,
"Accounting Exports","Kế toán xuất",,
"Accounting configuration","Cấu hình kế toán",,
"Accounting family","Gia đình kế toán",,
"Accounting situation","Tình hình kế toán",,
"Accounting situations","Tình hình kế toán",,
"Accounts Configurations","Cấu hình tài khoản",,
"Accounts configuration","Cấu hình tài khoản",,
"Action","Hành động",,
"Action does not exists or invalid for the object(%s)","Hành động không tồn tại hoặc không hợp lệ cho (%s)",,
"Action name cannot be null.","Tên hành động không thể là NULL.",,
"Actions","Hành động",,
"Activate bar code generation for products","Kích hoạt việc tạo mã vạch cho các sản phẩm",,
"Activate sending email","Kích hoạt gửi email",,
"Activation","Kích hoạt",,
"Active","Kích hoạt",,
"Active Team","Đội hoạt động",,
"Active company","Công ty hoạt động",,
"Active users","Người dùng hoạt động",,
"Activities","Các hoạt động",,
"Add Guests","Thêm khách",,
"Additionnal","Bổ sung",,
"Address","Địa chỉ",,
"Address certified by QAS engine","Địa chỉ được xác thực bởi QAS",,
"Address details","Địa chỉ chi tiết",,
"Address filters","Bộ lọc địa chỉ",,
"Address list","Danh sách địa chỉ",,
"Address position","Vị trí địa chỉ",,
"Address precisions","Mức độ chính xác của địa chỉ",,
"Address type","Loại địa chỉ",,
"Addresses","Địa chỉ",,
"Addresses validation","Xác minh địa chỉ",,
"Adjust History","Lịch sử điều chỉnh",,
"Adjust period","Chu kỳ điều chỉnh",,
"Adjusting","Điều chỉnh",,
"Administration","Quản trị",,
"Advance Fields Export","Advance Fields Export",,
"Advanced Export","Advanced Export",,
"Advanced export","Advanced export",,
"Advanced export line","Advanced export line",,
"Advanced export lines","Advanced export lines",,
"Advanced exports","Advanced exports",,
"Advanced import","Advanced import",,
"Advanced imports","Advanced imports",,
"Advanced synchronization","Đồng bộ nâng cao",,
"Agency","Hãng",,
"Alarm","Cảnh báo",,
"Alarm Engine","Cơ cấu cảnh báo",,
"Alarm Engine %s","Cơ cấu cảnh báo %s",,
"Alarm Message","Nội dung cảnh báo",,
"Alarm Messages","Nội dung cảnh báo",,
"Alarm batch","Cảnh báo đồng loạt",,
"Alarm batches","Cảnh báo đồng loạt",,
"Alarm engine","Cơ cấu cảnh báo",,
"Alarm engine batch","Cơ cấu cảnh báo đồng loạt",,
"Alarm engine batches","Cơ cấu cảnh báo đồng loạt",,
"Alarm engines","Cơ cấu cảnh báo",,
"Alarms","Cảnh báo",,
"Alarms report :","Báo cáo cảnh báo:",,
"All Alarms","Tất cả cảnh báo",,
"All Clients","Tất cả các khách hàng",,
"All Countries","Tất cả các nước",,
"All Employees","Tất cả nhân viên",,
"All Enterprises","Tất cả doanh nghiệp",,
"All Individuals","Tất cả cá nhân",,
"All Mailing lists","Tất cả danh sách gửi thư",,
"All Messages","Tất cả tin nhắn",,
"All Prospects","Tất cả khách hàng tiềm năng",,
"All Suppliers","Tất cả nhà cung cấp",,
"All day","Cả ngày",,
"All events","Tất cả sự kiện",,
"All my calendars","Tất cả lịch của tôi",,
"All permissions","Tất cả quyền",,
"All tasks","Tất cả nhiệm vụ",,
"All teams","Tất cả các đội",,
"Allow notifications to be sent by email","Cho phép thông báo được gửi qua email",,
"Allow to force purchases quantities","Cho phép chỉ định số lượng mua",,
"Allow to force sales quantities","Cho phép chỉ định số lượng bán",,
"Alpha-2 code (ISO)","Mã Alpha-2 (ISO)",,
"Alpha-3 code (ISO)","Mã Alpha-3 (ISO)",,
"Always A.T.I.","Luôn luôn A.T.I.",,
"Always W.T.","Luôn luôn không thuế",,
"America/New_York","America/New_York",,
"Amount/%","Số lượng/%",,
"Analysis is already on going.","Phân tích đã đang được chạy.",,
"Analytics","Phân tích",,
"Analyzing","Phân tích",,
"Anomalies","Bất thường",,
"Anomaly","Bất thường",,
"App","Ứng dụng",,
"App base","Ứng dụng cơ sở",,
"Applicable dates","Ngày áp dụng",,
"Application","Đăng kí",,
"Application begin date","Ngày bắt đầu đăng ký",,
"Application end date","Ngày kết thúc đăng ký",,
"Application start Date","Ngày bắt đầu đăng ký",,
"Application type","Loại đăng ký",,
"Apply","Áp dụng ",,
"Apply modifications to next tasks","Áp dụng thay đổi cho các nhiệm vụ tiếp theo",,
"Apply on","Áp dụng vào",,
"April","Tháng tư",,
"Archived","Lưu trữ",,
"Are you sure to replace ?","Bạn có chắc chắn để thay thế không?",,
"Are you sure you want to run the analysis ? It can take a long time.","Bạn có chắc là bạn muốn chạy phân tích? Nó có thể mất một thời gian dài.",,
"Are you sure you want to start the import?","Bạn có chắc là bạn muốn bắt đầu nhập?",,
"Area name","Tên khu vực",,
"Article dimension","Article dimension",,
"Article volume","Article volume",,
"Artmin","Artmin",,
"Ascending","Tăng dần",,
"Assigned to","Phân công",,
"Assigned to user","Phân công cho",,
"At least one iban code you have entered for this partner is not valid. Here is the list of invalid codes : %s","Ít nhất một mã IBAN bạn đã nhập cho đối tác này là không hợp lệ. Đây là danh sách các mã không hợp lệ: %s",,
"Attach","Đính kèm",,
"Attach to model","Đính kèm vào model",,
"Attached files","File đính kèm",,
"Attached partners","Đối tác đính kèm",,
"Attachment directory OR Application source does not exist","Thư mục đính kèm hoặc ứng dụng nguồn không tồn tại",,
"Attachments","Đính kèm",,
"Attachments must be in zip format","Tệp đính kèm phải ở định dạng zip",,
"Attempted to get a field from product '%s' but forgot to specify which field.","Đã thử lấy một trường từ sản phẩm '%s' nhưng quên chỉ định trường nào.",,
"Attempted to get field '%s' for unspecified product.","Đã thử lấy trường '%s' cho sản phẩm không xác định.",,
"Attendees","Người tham dự",,
"Attributes","Thuộc tính",,
"Attrs","Attrs",,
"August","Tháng tám",,
"Authentication failed.","Xác thực thất bại.",,
"Authorization","Ủy quyền",,
"Authorization details","Chi tiết ủy quyền",,
"Auto","Tự động",,
"Auto import","Tự động nhập",,
"Availability","Khả dụng",,
"Available","Có sẵn",,
"Available stock","Có trong kho",,
"Average Price","Giá trung bình",,
"BBAN","BBAN",,
"BBan Key","BBAN KEY",,
"BIC","BIC",,
"BIC (Bank Identifier)","BIC (Mã định danh ngân hàng)",,
"Back","Quay lại",,
"Balance","Balance",,
"Bank","Ngân hàng",,
"Bank Code","Mã ngân hàng",,
"Bank Details","Chi tiết ngân hàng",,
"Bank Details list","Danh sách chi tiết ngân hàng",,
"Bank Identifier Code","Mã định dạng ngân hàng",,
"Bank Identifier Codes","Mã định danh ngân hàng",,
"Bank Name","Tên ngân hàng",,
"Bank Statement lines","Dòng sao kê ngân hàng",,
"Bank accounts","Tài khoản ngân hàng",,
"Bank card","Thẻ ngân hàng",,
"Bank detail filters","Bộ lọc chi tiết ngân hàng",,
"Bank details","Chi tiết ngân hàng",,
"Bank details tree","Cây chi tiết ngân hàng",,
"Bank order config.","Cấu hình lệnh ngân hàng.",,
"Bank payment config","Cấu hình thanh toán ngân hàng",,
"Bank statement line AFK120 filters","Bộ lọc dòng sao kê ngân hàng AFK120",,
"Barcode","Mã vạch",,
"Barcode Type","Loại mã vạch",,
"Barcode format not supported","Định dạng mã vạch không được hỗ trợ",,
"Barcode type configuration","Cấu hình loại mã vạch",,
"Barcode type configurations","Cấu hình loại mã vạch",,
"Base","Cơ sở",,
"Base Batch","Lô cơ sở",,
"Base batch","Lô cơ sở",,
"Base batch filters","Bộ lọc lô cơ sở",,
"Base batches","Các lô cơ sở",,
"Based on","Dựa trên",,
"Basic overview","Tổng quan cơ bản",,
"Batch","Lô",,
"Batch %s is now finished","Lô %s hiện đã hoàn thành",,
"Batch %s unknown","Lô %s không xác định",,
"Batch calendar synchronization","Đồng bộ hóa lịch theo lô",,
"Batch code","Mã lô",,
"Batch execution is now finished","Thực thi lô đã hoàn thành",,
"Batch report:","Báo cáo lô:",,
"Batches","Lô",,
"Batchs","Lô",,
"Be aware that the address is already in use on other documents, do you still want to modify it ?","Xin lưu ý rằng địa chỉ đã được sử dụng trên các tài liệu khác, bạn vẫn muốn sửa đổi nó?",,
"Bean is not an instance of","Bean is not an instance of",,
"Bill of materials","Định mức vật tư (BOM)",,
"Binding file","Binding file",,
"Birt Template","Mẫu BIRT",,
"Birt Template parameter","Tham số mẫu BIRT",,
"Birt Template parameters","Tham số mẫu BIRT",,
"Birt Templates","Mẫu BIRT",,
"Birt template","Mẫu BIRT",,
"Birt templates","Mẫu BIRT",,
"Block until","Chặn tới khi",,
"Blocked","Bị chặn",,
"Blocking","Chặn",,
"Blocking Type","Loại chặn",,
"Blocking done by","Chặn bởi",,
"Blocking follow-up List","Blocking follow-up List",,
"Blocking reason","Lý do chặn",,
"Blocking reasons","Lý do chặn",,
"Blockings","Chặn",,
"Boolean","Boolean",,
"Both currencies must be saved before currency rate apply","Cả hai loại tiền phải được lưu trước khi áp dụng tỷ giá",,
"Branch Identifier (Branch Code)","Mã định danh chi nhánh (Mã chi nhánh)",,
"Business Party Prefix (Bank Code)","Tiền tố của doanh nghiệp (Mã ngân hàng)",,
"Business Party Suffix (Location Code)","Hậu tố của doanh nghiệp (Mã vị trí)",,
"Busy","Bận",,
"Buy","Mua",,
"Buy and produce","Mua và sản xuất",,
"By activating this option, then all related printed document will automatically be attached on dms","Bằng cách kích hoạt tùy chọn này, tất cả tài liệu in có liên quan sẽ tự động được đính kèm trên DMS",,
"CALENDAR_SERVER","CALENDAR_SERVER",,
"CGP","CGP",,
"CHANDLER","CHANDLER",,
"CID","CID",,
"CODABAR","CODABAR",,
"CODE_128","CODE_128",,
"CODE_39","CODE_39",,
"COG","COG",,
"CRM config","Cấu hình CRM",,
"CSV","CSV",,
"CSV File","Tệp CSV",,
"Calculation method","Phương pháp tính toán",,
"Calendar","Lịch",,
"Calendar Configurations","Cấu hình lịch",,
"Calendar User","Người dùng lịch",,
"Calendar Users","Người dùng lịch",,
"Calendar configuration","Cấu hình lịch",,
"Calendar configuration not valid","Cấu hình lịch không hợp lệ",,
"Calendar configurations","Cấu hình lịch",,
"Calendar permission","Quyền truy cập lịch",,
"Calendar permissions","Quyền truy cập lịch",,
"Calendar synchronization","Đồng bộ lịch",,
"Calendars","Lịch",,
"Calendars Configuration","Cấu hình lịch",,
"Calendars are empty, there is no event to synchronize.","Lịch trống, không có sự kiện nào để đồng bộ hóa.",,
"Calendars permissions","Quyền truy cập lịch",,
"Call","Cuộc gọi",,
"Calling code","Mã cuộc gọi",,
"Can't generate draft sequence number on an unsaved record.","Không thể tạo số trình tự dự thảo trên một bản ghi chưa lưu.",,
"Cancel Reason","Lý do hủy",,
"Cancel Reasons","Lý do hủy",,
"Cancel reason filters","Bộ lọc lý do hủy",,
"Canton","Xã phường",,
"Canton Code","Mã",,
"Cantons","Xã phường",,
"Canâ€™t convert into an individual partner from scratch.","Không thể chuyển đổi thành một đối tác riêng lẻ từ đầu.",,
"Carrier","Vận chuyển",,
"Cash","Tiền mặt",,
"Catalog","Catalog",,
"Categories tree","Cây catalog",,
"Categorization","Phân loại",,
"Category","Loại",,
"Center","Trung tâm",,
"Change password","Đổi mật khẩu",,
"Change password?","Đổi mật khẩu?",,
"Chart","Đồ thị",,
"Check","Kiểm tra",,
"Check Duplicate","Kiểm tra trùng lặp",,
"Check duplicate","Kiểm tra trùng lặp",,
"Check expiration date at stock move realization","Kiểm tra ngày hết hạn khi thực hiện di chuyển kho",,
"Check log file in tabs configuration","Kiểm tra tệp nhật ký trong tab cấu hình",,
"Check query","Kiểm tra truy vấn",,
"Cheque","Cheque",,
"Choose","Chọn",,
"Cities","Thành phố/ Mã bưu chính",,
"Citizenship","Quốc tịch",,
"City","Thành phố",,
"City import completed","Nhập thành phố hoàn thành",,
"Civil Year","Civil Year",,
"Civil year already exist for ${fromDate.format(java.time.format.DateTimeFormatter.ofPattern('dd/MM/yyyy'))} and ${toDate.format(java.time.format.DateTimeFormatter.ofPattern('dd/MM/yyyy'))}.","Civil year already exist for ${fromDate.format(java.time.format.DateTimeFormatter.ofPattern('dd/MM/yyyy'))} and ${toDate.format(java.time.format.DateTimeFormatter.ofPattern('dd/MM/yyyy'))}.",,
"Civility","Civility",,
"Class","Lớp",,
"Classes and products","Lớp và sản phẩm",,
"Classic products","Sản phẩm cổ điển",,
"Classification","Phân loại",,
"Classification param 1","Tham số phân loại 1",,
"Classification param 2","Tham số phân loại 2",,
"Classification param 3","Tham số phân loại 3",,
"Classification param 4","Tham số phân loại 4",,
"Classification rule 1","Quy tắc phân loại 1",,
"Classification rule 2","Quy tắc phân loại 2",,
"Classification rule 3","Quy tắc phân loại 3",,
"Classification rule 4","Quy tắc phân loại 4",,
"Clean logs manually","Làm sạch nhật ký theo cách thủ công",,
"Clear selection","Xóa lựa chọn",,
"Client","Khách hàng",,
"Client ID","Client ID",,
"Client portal access","Client portal access",,
"ClientSituation.12MonthTurnover","ClientSituation.12MonthTurnover",,
"ClientSituation.address","ClientSituation.address",,
"ClientSituation.avgOrderAmt","ClientSituation.avgOrderAmt",,
"ClientSituation.commercialData","ClientSituation.commercialData",,
"ClientSituation.contact","ClientSituation.contact",,
"ClientSituation.contacts","ClientSituation.contacts",,
"ClientSituation.custRef","ClientSituation.custRef",,
"ClientSituation.date","ClientSituation.date",,
"ClientSituation.dueBalance","ClientSituation.dueBalance",,
"ClientSituation.dueDate","ClientSituation.dueDate",,
"ClientSituation.email","ClientSituation.email",,
"ClientSituation.fax","ClientSituation.fax",,
"ClientSituation.financialData","ClientSituation.financialData",,
"ClientSituation.fixedPhone","ClientSituation.fixedPhone",,
"ClientSituation.followedBy","ClientSituation.followedBy",,
"ClientSituation.function","ClientSituation.function",,
"ClientSituation.invoices","ClientSituation.invoices",,
"ClientSituation.lastCall","ClientSituation.lastCall",,
"ClientSituation.lastMeetingDate","ClientSituation.lastMeetingDate",,
"ClientSituation.lastOrder","ClientSituation.lastOrder",,
"ClientSituation.mobile","ClientSituation.mobile",,
"ClientSituation.name","ClientSituation.name",,
"ClientSituation.nextMeetingDate","ClientSituation.nextMeetingDate",,
"ClientSituation.nextOutgoingCall","ClientSituation.nextOutgoingCall",,
"ClientSituation.num","ClientSituation.num",,
"ClientSituation.orderFreq","ClientSituation.orderFreq",,
"ClientSituation.orders","ClientSituation.orders",,
"ClientSituation.phone","ClientSituation.phone",,
"ClientSituation.recoverableBalance","ClientSituation.recoverableBalance",,
"ClientSituation.refDoc","ClientSituation.refDoc",,
"ClientSituation.reference","ClientSituation.reference",,
"ClientSituation.status","ClientSituation.status",,
"ClientSituation.team","ClientSituation.team",,
"ClientSituation.title","ClientSituation.title",,
"ClientSituation.toInvoice","ClientSituation.toInvoice",,
"ClientSituation.toPay","ClientSituation.toPay",,
"ClientSituation.totalATI","ClientSituation.totalATI",,
"ClientSituation.totalBalance","ClientSituation.totalBalance",,
"ClientSituation.totalHT","ClientSituation.totalHT",,
"ClientSituation.totalTax","ClientSituation.totalTax",,
"ClientSituation.website","ClientSituation.website",,
"ClientSituation.with","ClientSituation.with",,
"Close period","Chu kỳ đóng",,
"Closed","Đóng",,
"Closing a period brings irrevocable integration of a move in Moves book","Closing a period brings irrevocable integration of a move in Moves book",,
"Closure date","Ngày đóng",,
"Code","Mã",,
"Code length should be greater than 2.","Độ dài mã phải lớn hơn 2.",,
"Coeff","Hệ số",,
"Coeff.","Hệ số",,
"Coefficient for bonus","Hệ số thưởng",,
"Coefficient for leave","Hệ số nghỉ phép",,
"Color code (hex)","Mã màu (Hex)",,
"Column title","Tiêu đề cột",,
"Comment to display on delivery","Chú thích để hiển thị khi giao hàng",,
"Comment to display on invoice","Chú thích để hiển thị trên hóa đơn",,
"Comment to display on picking order","Chú thích để hiển thị trên đơn đặt hàng",,
"Comment to display on proforma","Chú thích để hiển thị trên Proforma",,
"Comment to display on purchase order","Chú thích để hiển thị trên đơn mua hàng",,
"Comment to display on sale order","Chú thích để hiển thị trên đơn bán hàng",,
"Comments","Bình luận",,
"Companies","Công ty",,
"Companies associated to","Công ty liên kết",,
"Company","Công ty",,
"Company Footer","Chân trang của công ty",,
"Company Footer Height(in cm)","Chiều cao chân trang của công ty (tính bằng cm)",,
"Company Header","Tiêu đề của công ty",,
"Company Header Height(in cm)","Chiều cao tiêu đề của công ty (tính bằng cm)",,
"Company Logo Width","Chiều rộng logo của công ty",,
"Company Logo position","Vị trí logo của công ty",,
"Company PhoneBook","Danh bạ điện thoại của công ty",,
"Company currency","Tiền tệ của công ty",,
"Company department","Phòng, ban công ty",,
"Company department filters","Bộ lọc bộ phận công ty",,
"Company departments","Phòng, ban công ty",,
"Company filters","Bộ lọc công ty",,
"Company phoneBook","Danh bạ điện thoại của công ty",,
"Company tree","Cây công ty",,
"Company-specific information","Thông tin cụ thể của công ty",,
"Company-specific product fields","Các lĩnh vực sản phẩm dành riêng cho công ty",,
"Company.bankDetails","Company.bankDetails",,
"Complement","Bổ sung",,
"Complete","Hoàn thành",,
"Completed","Hoàn thành",,
"Component","Thành phần",,
"Compute Discount Separately","Tính riêng chiết khấu",,
"Compute Method for Discounts","Phương pháp tính chiết khấu",,
"Concerned model","Concerned model",,
"Conditions","Điều kiện",,
"Config doesn't exist in the file. Please uncheck 'Config included in file'","Cấu hình không tồn tại trong tệp. Vui lòng bỏ chọn 'cấu hình được bao gồm trong tệp'",,
"Config exist in the file. Please check 'Config included in file'","Cấu hình tồn tại trong tệp. Vui lòng kiểm tra 'cấu hình bao gồm trong tệp'",,
"Config included in file","Cấu hình bao gồm trong tệp",,
"Configuration","Cấu hình",,
"Configuration error: the product category %s is among its descendants.","Lỗi cấu hình: danh mục sản phẩm %s là một trong những con cháu của nó.",,
"Configuration error: the product category %s is an ancestor of himself.","Lỗi cấu hình: danh mục sản phẩm %s là tổ tiên của chính mình.",,
"Configuration file","Tệp cấu hình",,
"Configurations","Cấu hình",,
"Configurator","Cấu hình",,
"Confirm","Xác nhận",,
"Confirm password","Mật khẩu xác nhận",,
"Confirm password doesn't match with new password.","Mật khẩu xác nhận không khớp với mật khẩu mới.",,
"Connect","Kết nối",,
"Connection settings","Cài đặt kết nối",,
"Connection successful","Kết nối thành công",,
"Contact","Liên hệ",,
"Contact / Partner","Liên hệ / Đối tác",,
"Contact Dashboard","Bảng thông tin liên hệ",,
"Contact Information","Thông tin liên hệ",,
"Contact PhoneBook","Danh bạ điện thoại",,
"Contact address","Địa chỉ liên hệ",,
"Contact details","Chi tiết liên hệ",,
"Contact function","Phương thức liên hệ",,
"Contact imported","Nhập liên hệ",,
"Contact synchronisation","Đồng bộ liên hệ",,
"Contacts","Danh bạ",,
"Contains","Chứa",,
"Content","Nội dung",,
"Content lines","Dòng nội dung",,
"Content result","Kết quả nội dung",,
"Contenu","Contenu",,
"Context","Context",,
"Contract","Hợp đồng",,
"Contract Manager","Người quản lý hợp đồng",,
"Conversion impossible because of no unit.","Không thể chuyển đổi vì thiếu đơn vị.",,
"Convert","Chuyển đổi",,
"Convert demo file","Tệp chuyển đổi demo",,
"Convert into an individual partner","Chuyển đổi thành một đối tác cá nhân",,
"Cost price","Giá cả",,
"Cost type","Loại chi phí",,
"Costs","Chi phí",,
"Countries","Quốc gia",,
"Country","Quốc gia",,
"Country Code","Mã quốc gia",,
"Country filters","Bộ lọc quốc gia",,
"Country name","Tên quốc gia",,
"Courier","Courier",,
"Courier-Bold","Courier-Bold",,
"Courier-BoldOblique","Courier-BoldOblique",,
"Courier-Oblique","Courier-Oblique",,
"Create","Tạo mới",,
"Create Partner","Tạo đối tác",,
"Create bank order","Tạo lệnh ngân hàng",,
"Create employee","Tạo nhân viên",,
"Create menu entry","Tạo mục nhập menu",,
"Create production order (${ name })","Tạo lệnh sản xuất (${ name })",,
"Created by","Được tạo bởi",,
"Created on","Được tạo lúc",,
"Creation","Creation",,
"Creations","Creations",,
"Credit Balance","Số dư tín dụng",,
"Csv generated","CSV đã được tạo",,
"Cumulated qty (%)","Số lượng tích lũy (%)",,
"Cumulated worth (%)","Giá trị tích lũy (%)",,
"Currencies","Tiền tệ",,
"Currency","Tiền tệ",,
"Currency Ws URL","Currency WS URL",,
"Currency conversion","Chuyển đổi ngoại tệ",,
"Currency conversion line","Dòng chuyển đổi tiền tệ",,
"Currency conversion lines","Dòng chuyển đổi tiền tệ",,
"Currency conversion rate not found over the past 7 days for the currency %s to %s. Please input the date and rate manually.","Tỷ lệ chuyển đổi tiền tệ không được tìm thấy trong 7 ngày qua đối với tiền tệ %s sang %s. Vui lòng nhập ngày và tỉ giá thủ công.",,
"Currency conversion table","Bảng chuyển đổi tiền tệ",,
"Currency conversion webservice not working","Dịch vụ web chuyển đổi tiền tệ không hoạt động",,
"Current Products","Sản phẩm hiện tại",,
"Current domain","Tên miền hiện tại",,
"Current password","Mật khẩu hiện tại",,
"Current user password is not provided.","Mật khẩu người dùng hiện tại không được cung cấp.",,
"Current user password is wrong.","Mật khẩu người dùng hiện tại không đúng.",,
"Current user's active company address is not set","Địa chỉ công ty hoạt động của người dùng hiện tại chưa được thiết lập",,
"Custom css to personnalize web user interface.","CSS tùy chỉnh để cá nhân hóa giao diện người dùng web.",,
"Custom style","Phong cách tùy chỉnh",,
"Customer","Khách hàng",,
"Customer Situation","Tình hình khách hàng",,
"Customer catalog","Danh mục khách hàng",,
"Customers","Khách hàng",,
"Customers / prospects","Khách hàng / Tiềm năng",,
"Customers by Industry Sector","Khách hàng theo ngành",,
"Customers by country","Khách hàng theo quốc gia",,
"Customers by saleman","Khách hàng theo Saleman",,
"Customers payment delay (Average in days)","Khách hàng chậm thanh toán (trung bình tính theo ngày)",,
"Customised","Tùy chỉnh",,
"Customised products","Sản phẩm tùy chỉnh",,
"Cycle counting","Chu kỳ đếm",,
"DATA_MATRIX","DATA_MATRIX",,
"DEPT","DEPT",,
"DMS Import","Nhập DMS",,
"Daily Work Hours","Giờ làm việc hàng ngày",,
"Dashboard","Bảng điều khiển",,
"Data file","Tệp dữ liệu",,
"Data file doesn't exist","Tệp dữ liệu không tồn tại",,
"Data file format is invalid","Định dạng tệp dữ liệu không hợp lệ",,
"Data from file","Dữ liệu từ tệp",,
"Data imported successfully","Dữ liệu nhập thành công",,
"Data(s)","Dữ liệu",,
"Date","Ngày",,
"Date format","Định dạng ngày",,
"Date or frequency changed","Ngày hoặc tần số thay đổi",,
"Date time","Ngày giờ",,
"DateTime","DateTime",,
"Day","Ngày",,
"Days","Ngày",,
"Days Unit","Đơn vị ngày",,
"Debit Balance","Dư nợ",,
"Debit_block","Debit_block",,
"December","Tháng 12",,
"Decimal","Số thập phân",,
"Default","Mặc định",,
"Default Bank Account","Tài khoản ngân hàng mặc định",,
"Default Partner language","Ngôn ngữ đối tác mặc định",,
"Default address","Địa chỉ mặc định",,
"Default home action.","Default home action.",,
"Default if not found","Mặc định nếu không thấy",,
"Default mail message template for notifications","Mẫu tin nhắn thư mặc định cho thông báo",,
"Default supplier","Nhà cung cấp mặc định",,
"Default zoom","Zoom mặc định",,
"Define sub bill of material","Thiết lập định mức nguyên vật liệu thứ cấp",,
"Define the shipping coef by partner","Xác định hệ số vận chuyển theo đối tác",,
"Delegate Rights of Pfp Validator","Delegate Rights of Pfp Validator",,
"Delete","Xóa",,
"Delete menu entry","Xóa mục nhập menu",,
"Delivery","Giao hàng",,
"Delivery address","Địa chỉ giao hàng",,
"Demography","Nhân khẩu học",,
"Department","Phòng",,
"Department Cantons List","Danh sách phòng ban",,
"Department Name","Tên phòng",,
"Department city List","Danh sách thành phố của phòng",,
"Departments","Phòng",,
"Dept./Div.","Phòng/ban",,
"Descending","Giảm dần",,
"Description","Mô tả",,
"Destination Currency","Tiền tệ đích",,
"Details","Chi tiết",,
"Diameter","Đường kính",,
"Direct","Trực tiếp",,
"Direct debit","Ghi nợ trực tiếp",,
"Discount","Chiết khấu",,
"Discount/Additionnal/Replace","Discount/Additionnal/Replace",,
"Display an expiration date","Hiển thị ngày hết hạn",,
"Display color","Màu hiển thị",,
"Display type","Loại hiển thị",,
"Distribution precisions (POB, Village...)","Distribution precisions (POB, Village...)",,
"Document concerned","Tài liệu liên quan",,
"Document name","Tên tài liệu",,
"Documents","Tài liệu",,
"Don't import if","Đừng nhập nếu",,
"Dr","Dr",,
"Draft","Bản thảo",,
"Dtype","Dtype",,
"Duplicate","Nhân bản",,
"Duplicate Object","Đối tượng trùng lặp",,
"Duplicate finder field '%s' is not found inside model '%s'","Trường tìm kiếm trùng lặp '%s' không được tìm thấy bên trong model '%s'",,
"Duplicate records","Bản ghi trùng lặp",,
"Duration","Khoảng thời gian",,
"Durations","Khoảng thời gian",,
"Dutch Beta","Dutch Beta",,
"EAN_13","EAN_13",,
"EAN_8","EAN_8",,
"ECB","ECB",,
"EDIFACT","EDIFACT",,
"Ebics certificate","Ebics certificate",,
"Ebics certificates","Ebics certificates",,
"Economic area","Khu vực kinh tế",,
"Economic areas","Khu vực kinh tế",,
"Economic manuf. qty","Economic manuf. qty",,
"Edit product barcode type","Chỉnh sửa loại mã vạch sản phẩm",,
"Editable","Có thể chỉnh sửa",,
"Electronic signature","Chữ ký điện tử",,
"Email","Email",,
"Email Page","Email Page",,
"Email accounts","Email accounts",,
"Email address","Email address",,
"Email address already linked with another partner","Email address already linked with another partner",,
"Email field","Email field",,
"Email links","Email links",,
"Email signature","Email signature",,
"Email template","Email template",,
"Email template list for notifications","Email template list for notifications",,
"Emails","Emails",,
"Employee","Nhân viên",,
"Employee List","Danh sách nhân viên",,
"Employees (Nbr)","Nhân viên (Nbr)",,
"Enable multi-company management","Kích hoạt quản lý đa công ty",,
"Enable the possibility to group lines by product on generated printing documents (sale orders, purchase orders, stock moves, invoices)","Cho phép gộp nhóm các dòng theo sản phẩm trên các tài liệu in được tạo (đơn bán hàng, đơn mua hàng, chuyển kho, hóa đơn)",,
"Enable trading names management","Bật quản lý tên giao dịch",,
"End Date","Ngày cuối",,
"End date","Ngày cuối",,
"End date t","Ngày kết thúc t",,
"End of pack","Kết thúc gói",,
"End unit cannot be void.","Đơn vị cuối không thể bị vô hiệu.",,
"Ends on","Kết thúc vào",,
"Enter proper 'From' and 'To' date.","Nhập ngày 'Từ' và 'Đến' thích hợp.",,
"Enter proper 'Start' and 'End' date.","Nhập ngày 'Bắt đầu' và 'Kết thúc' thích hợp.",,
"Entities you wish to follow by email","Các thực thể bạn muốn theo dõi qua email",,
"Envelope","Phong bì",,
"Equal","Equal",,
"Error","Lỗi",,
"Error : Data file is unreachable.","Error : Data file is unreachable.",,
"Error : Incorrect query for the querie %s","Error : Incorrect query for the querie %s",,
"Error : Mapping file is not found.","Error : Mapping file is not found.",,
"Error : Mapping file is unreachable.","Error : Mapping file is unreachable.",,
"Error : There is no query set for the querie %s","Error : There is no query set for the querie %s",,
"Error : a request has to be set for the indicatior generator %s","Error : a request has to be set for the indicatior generator %s",,
"Error : incorrect request for the indicatior generator %s","Error : incorrect request for the indicatior generator %s",,
"Error : no code has been set","Error : no code has been set",,
"Error : no export path has been set","Error : no export path has been set",,
"Error file","Tệp lỗi",,
"Error happened during batch execution","Lỗi đã xảy ra trong quá trình thực hiện lô",,
"Error in Connection","Lỗi kết nối",,
"Error in print template line with sequence %s and title %s.","Lỗi trong dòng mẫu in với chuỗi %s và tiêu đề %s.",,
"Error in print. Please check report configuration and print setting.","Lỗi khi in. Vui lòng kiểm tra cấu hình báo cáo và cài đặt in.",,
"Error in print. Please check report configuration and print settings.","Lỗi khi in. Vui lòng kiểm tra cấu hình báo cáo và cài đặt in.",,
"Error logs","Nhật ký lỗi",,
"Error when closing period %s","Lỗi khi đóng chu kỳ %s",,
"Error while creating the file","Lỗi khi tạo tệp",,
"Error while processing zip file","Lỗi khi xử lý tệp zip",,
"Error: Cities cannot be imported. Please see the attached error file for more details","Lỗi: Các thành phố không thể được nhập. Vui lòng xem tệp lỗi đính kèm để biết thêm chi tiết",,
"Europe/Paris","Europe/Paris",,
"Event","Sự kiện",,
"Events","Sự kiện",,
"Events planning","Lập kế hoạch sự kiện",,
"Events planning line","Dòng kế hoạch sự kiện",,
"Events planning lines","Dòng kế hoạch sự kiện",,
"Every","Mỗi",,
"Every N weeks","Mỗi N tuần",,
"Every week","Mỗi tuần",,
"Excel","Excel",,
"Exchange rate","Tỷ giá",,
"Exclusive","Loại trừ",,
"Execute","Thực thi ",,
"Execution","Thực thi ",,
"Expense","Chi phí",,
"Export","Export",,
"Export Address","Export Address",,
"Export Date","Export Date",,
"Export Excel","Export Excel",,
"Export Object","Export Object",,
"Export PDF","Export PDF",,
"Export addresses","Export addresses",,
"Export calendar","Export calendar",,
"Export file","Export file",,
"Export format","Export format",,
"Export indicators","Export indicators",,
"Export limit must be greater than query fetch size.","Export limit must be greater than query fetch size.",,
"Export limit must be greater than zero.","Export limit must be greater than zero.",,
"Expression","Expression",,
"External","External",,
"Factor","Hệ số",,
"Family Code","Mã gia đình",,
"Family Name","Tên gia đình",,
"Fax","Fax",,
"Feature currently not available with Open Street Maps.","Tính năng hiện không có sẵn với Open Street Maps.",,
"February","Tháng 2",,
"Fetch emails","Fetch emails",,
"Field","Trường",,
"Field to populate","Trường cần lấy",,
"Field type","Loại trường",,
"Field(%s) doesn't exist for the object(%s)","Trường (%s) không tồn tại cho đối tượng (%s)",,
"Fields","Trường",,
"Fields can't be ignore","Các trường không thể bỏ qua",,
"Fields configuration","Cấu hình trường",,
"Fields to select duplicate","Các trường để chọn trùng lặp",,
"File","Tệp tin",,
"File extension","File extension",,
"File field","File field",,
"File field name","File field name",,
"File fields","File fields",,
"File loaded successfully","File loaded successfully",,
"File tab","File tab",,
"File tab is not matched inside file","File tab is not matched inside file",,
"File tabs","File tabs",,
"File type","File type",,
"File types","File types",,
"FileTab","FileTab",,
"Filters","Bộ lọc",,
"Financial discount","Chiết khấu tài chính",,
"Find","Tìm kiếm",,
"FindNew","FindNew",,
"Finished","Hoàn thành",,
"Finished product","Sản phẩm hoàn thiện",,
"First","Đầu tiên",,
"First Name","Họ",,
"First line","Dòng đầu tiên",,
"First name","Họ",,
"Fiscal Year","Năm tài chính",,
"Fiscal position","Vị trí tài chính",,
"Fiscal positions","Vị trí tài chính",,
"Fiscal year","Năm tài chính",,
"Fixed","Cố định",,
"Fixed Amount/%","Số cố định/%",,
"Fixed phone","Điên thoai bàn",,
"Fixer","Fixer",,
"Fixer Api key","Fixer Api key",,
"Float","Float",,
"Followed users","Followed users",,
"Font Color","Font Color",,
"Font Size","Font Size",,
"Font Type","Font Type",,
"For select use","Để chọn sử dụng",,
"Format","Định dạng",,
"Formula","Công thức",,
"Fourth","Thứ tư",,
"France","France",,
"Free Text","Văn bản tự do",,
"Freight Carrier","Hãng vận tải",,
"Freight Carrier Mode","Chế độ vận chuyển hàng hóa",,
"Frequencies","Chu kỳ",,
"Frequency","Chu kỳ",,
"Frequency end date cannot be before task date.","Ngày kết thúc chu kỳ không thể là trước ngày nhiệm vụ.",,
"Frequency type","Loại chu kỳ",,
"Friday","Thứ sáu",,
"Fridays","Thứ Sáu",,
"From","Từ",,
"From Date","Từ ngày",,
"From Unit","Từ đơn vị",,
"From stock","Từ kho",,
"Full Address","Địa chỉ đầy đủ",,
"Full name","Họ và tên",,
"Function","Chức năng",,
"Function / Business card","Chức năng / danh thiếp",,
"Function Name","Tên chức năng",,
"Functions","Chức năng",,
"Future qty","Số lượng tương lai",,
"GCAL","GCAL",,
"General","Chung",,
"General contact details","Chi tiết liên lạc chung",,
"General data","Dữ liệu chung",,
"General discount (%)","Chiết khấu chung (%)",,
"Generate periods","Tạo chu kỳ",,
"Generate product variants","Tạo biến thể sản phẩm",,
"Generate random password","Tạo mật khẩu ngẫu nhiên",,
"Generate random passwords","Tạo mật khẩu ngẫu nhiên",,
"Generate sequence for partners","Tạo số sequence cho các đối tác",,
"Generate sequence for products","Tạo số sequence cho sản phẩm",,
"Generated anomalies :","Bất thường đã tạo:",,
"Generic product","Sản phẩm chung",,
"Geo. coordinates","Tọa độ địa lý",,
"GeoNames","GeoNames",,
"GeoNames Dump URL","GeoNames Dump URL",,
"GeoNames Zip URL","GeoNames Zip URL",,
"Geographical area","Khu vực địa lý",,
"Geonames","Geonames",,
"German Beta","German Beta",,
"Get direction","Nhận chỉ đường",,
"Get rate","Nhận tỷ lệ",,
"Global","Global",,
"Global tracking configuration","Global tracking configuration",,
"Global tracking configuration line","Global tracking configuration line",,
"Global tracking configuration lines","Global tracking configuration lines",,
"Global tracking log","Global tracking log",,
"Global tracking log line","Global tracking log line",,
"Global tracking log line list","Global tracking log line list",,
"Global tracking log lines","Global tracking log lines",,
"Global tracking logs","Global tracking logs",,
"Google","Google",,
"Google Maps API key","Google Maps API key",,
"Google Maps API key is missing in configuration.","Google Maps API key is missing in configuration.",,
"Google address","Google address",,
"Google api key","Google api key",,
"Google email","Google email",,
"Google phone number","Google phone number",,
"Groovy conditions","Groovy conditions",,
"Gross mass","Tổng khối lượng",,
"Group","Nhóm",,
"Group products on printings","Nhóm sản phẩm khi in",,
"Groups","Nhóm",,
"Guests","Khách",,
"Having header","Có tiêu đề",,
"Head office address","Địa chỉ trụ sở chính",,
"Header Content Width","Chiều rộng nội dung tiêu đề",,
"Header is not valid.","Tiêu đề không hợp lệ.",,
"Height","Chiều cao",,
"Height(px)","Chiều cao (px)",,
"Helvetica","Helvetica",,
"Helvetica-Bold","Helvetica-Bold",,
"Helvetica-BoldOblique","Helvetica-BoldOblique",,
"Helvetica-Oblique","Helvetica-Oblique",,
"Hide Discount on prints","Ẩn chiết khấu trên các bản in",,
"Hide print settings","Ẩn cài đặt in",,
"Historic","Lịch sử",,
"Historical","Lịch sử",,
"Historize Price List","Historize Price List",,
"Historized Price Lists","Historized Price Lists",,
"Home action","Home action",,
"Hours Unit","Đơn vị giờ",,
"Human Resources config","Cấu hình nguồn nhân lực",,
"IBAN","IBAN",,
"IBAN / BBAN","IBAN / BBAN",,
"IBAN / BBAN + BIC","IBAN / BBAN + BIC",,
"ICAL_SERVER","ICAL_SERVER",,
"ICal events only","ICal events only",,
"ICalendars","ICalendars",,
"IEvents","IEvents",,
"INSEE Code","INSEE Code",,
"IPO","IPO",,
"IPO + Cheque","IPO + Cheque",,
"ITF","ITF",,
"Id","Id",,
"If you leave this field empty or fill it with an incorrect formula, the default email account's signature will be used.\nExamples of a correct formulas:\n$__user__.emailSignature$\n$first(__user__.emailAccountList).signature$","Nếu bạn để trống trường này hoặc nhập sai công thức, chữ ký mặc định sẽ được sử dụng.\nVí dụ của công thức đúng:\n$__user__.emailSignature$\n$first(__user__.emailAccountList).signature$",,
"Ignore the line","Bỏ qua dòng",,
"Ignore/Empty","Bỏ qua/trống",,
"Image","Hình ảnh",,
"Import Calendar","Nhập lịch",,
"Import Print template","Nhập mẫu in",,
"Import calendar","Nhập lịch",,
"Import city","Nhập thành phố",,
"Import completed successfully. Please check the log for more details.","Nhập thành công. Vui lòng kiểm tra nhật ký để biết thêm chi tiết.",,
"Import configuration","Nhập cấu hình",,
"Import contact","Nhập liên hệ",,
"Import demo data","Nhập dữ liệu demo",,
"Import field","Nhập trường",,
"Import log","Nhập nhật ký",,
"Import print template","Nhập mẫu in",,
"Import successful.","Nhập thành công.",,
"Import type","Loại nhập",,
"Import/Export interface","Giao diện nhập/xuất",,
"Import/Export interfaces","Giao diện nhập/xuất",,
"Imported contact","Liên hệ đã nhập",,
"Importing","Đang nhập",,
"Imports","Imports",,
"Impossible to generate report, url toward Birt viewer is not correctly configured (%s)","Không thể tạo báo cáo, đường dẫn URL tới BIRT không được cấu hình chính xác (%s)",,
"Improper format of excel file.","Định dạng tệp excel không hợp lệ.",,
"In","In",,
"In %","In %",,
"In / Out","In / Out",,
"In ATI","Trong ATI",,
"In Progress","Đang thực hiện",,
"In progress","Đang thực hiện",,
"Inactive","Không hoạt động",,
"Include Discount in unit price","Bao gồm chiết khấu trong đơn giá",,
"Include Discount in unit price only for replace type","Chỉ bao gồm chiết khấu trong đơn giá chỉ cho loại thay thế",,
"Include archived records","Bao gồm bản ghi đã lưu trữ",,
"Incorrect BBAN Key","Khóa BBAN không chính xác",,
"Increment","Tăng",,
"Indicator generator","Indicator generator",,
"Indicator generator list","Indicator generator list",,
"Indicator generators","Indicator generators",,
"Indicators generators","Indicators generators",,
"Indicators groups","Indicators groups",,
"Individual","Cá nhân",,
"Industry Sector","Ngành",,
"Industry sector","Ngành",,
"Industry sectors","Ngành",,
"Information","Thông tin",,
"Input file","Tệp đầu vào",,
"Integer","Integer",,
"Interface","Giao diện",,
"Interfaces","Giao diện",,
"Internal Classification Number","Số phân loại nội bộ",,
"Internal companies","Công ty nội bộ",,
"Internal description","Mô tả nội bộ",,
"Internal partner","Đối tác nội bộ",,
"Inv._block","Inv._block",,
"Invalid Search call for the object(%s)","Invalid Search call for the object(%s)",,
"Invalid Serial Number '%s' for '%s' barcode type.Alphabets must be in uppercase only","Invalid Serial Number '%s' for '%s' barcode type.Alphabets must be in uppercase only",,
"Invalid Serial Number '%s' for '%s' barcode type.It must be alphanumeric","Invalid Serial Number '%s' for '%s' barcode type.It must be alphanumeric",,
"Invalid Serial Number '%s' for '%s' barcode type.It must be only number or only alphabets","Invalid Serial Number '%s' for '%s' barcode type.It must be only number or only alphabets",,
"Invalid Serial Number '%s' for '%s' barcode type.Its Length must be %d","Invalid Serial Number '%s' for '%s' barcode type.Its Length must be %d",,
"Invalid Serial Number '%s' for '%s' barcode type.Its length limit must be greater than %d and less than %d","Invalid Serial Number '%s' for '%s' barcode type.Its length limit must be greater than %d and less than %d",,
"Invalid data format. Please check log for more details.","Định dạng dữ liệu không hợp lệ. Vui lòng kiểm tra nhật ký để biết thêm chi tiết.",,
"Invalid duplicate finder field '%s'. Field type ManyToMany or OneToMany is not supported for duplicate check","Trường tìm tìm kiếm trùng không hợp lệ '%s'. Loại trường ManyToMany hoặc OneToMany không được hỗ trợ để kiểm tra trùng lặp",,
"Invalid fields","Các trường không hợp lệ",,
"Invalid serial number '%s' for '%s' barcode type.It must be digits only","Số sê-ri không hợp lệ '%s' cho loại mã vạch '%s'. Nó phải là chữ số",,
"Invalid serial number '%s' for '%s' barcode type.It must be digits only with even number length.","Số sê-ri không hợp lệ '%s' cho loại mã vạch '%s'. Nó phải là chữ số với độ dài chẵn.",,
"Invalid serial number '%s' for '%s' barcode type.It must be of %d digits only.","Số sê-ri không hợp lệ '%s' cho loại mã vạch '%s'. Nó phải là %d chữ số.",,
"Invalid times %s afternoon","Thời gian chiều không hợp lệ %s",,
"Invalid times %s morning","Thời gian sáng không hợp lệ %s",,
"Invalid times on %s between morning and afternoon","Thời gian trên %s không hợp lệ giữa buổi sáng và buổi chiều",,
"Invalid type of data","Loại dữ liệu không hợp lệ",,
"Inventory type","Loại hàng tồn kho",,
"Invoice","Hóa đơn",,
"Invoices","Hóa đơn",,
"Invoicing Management","Quản lý hóa đơn",,
"Invoicing address","Địa chỉ hóa đơn",,
"Invoicing blocking","Hóa đơn chặn",,
"Invoicing/Payment","Hóa đơn/Thanh toán",,
"Is a carrier","Là một bên vận chuyển",,
"Is a contact","Là một liên hệ",,
"Is final","Là cuối cùng",,
"Is model","Là mô hình",,
"Is shipping costs product","Là chi phí vận chuyển sản phẩm",,
"Italian Beta","Italian Beta",,
"JPQL","JPQL",,
"January","Tháng một",,
"July","Tháng bảy",,
"June","Tháng sáu",,
"KMS","KMS",,
"Keep remote","Giữ từ xa",,
"Label","Nhãn mác",,
"Label To Printing","Nhãn để in",,
"Label for grouped products","Nhãn cho các sản phẩm được nhóm",,
"Label for grouped services","Nhãn cho các dịch vụ được nhóm",,
"Landscape","Landscape",,
"Language","Ngôn ngữ",,
"Languages","Ngôn ngữ",,
"Last","Cuối",,
"Last Synchronization","Đồng bộ hóa cuối cùng",,
"Last production price","Giá sản xuất cuối cùng",,
"Last purchase date","Ngày mua cuối cùng",,
"Last purchase price","Giá mua cuối cùng",,
"Last purchase price A.T.I.","Giá mua cuối cùng (bao gồm thuế)",,
"Last purchase price W.T.","Giá mua cuối cùng (chưa thuế)",,
"Latitude","Vĩ độ",,
"Leave","Nghỉ phép",,
"Left","Trái",,
"Length","Chiều dài",,
"Length unit","Đơn vị chiều dài",,
"Level of grouping","Mức độ nhóm",,
"Linked Adjusting Moves","Bút toán điều chỉnh liên quan",,
"Links","Liên kết",,
"List of printing settings for trading names","Danh sách các cài đặt in cho tên giao dịch",,
"Localization","Bản địa hóa",,
"Location","Địa điểm",,
"Log","Nhật ký",,
"Login","Đăng nhập",,
"Logo","Logo",,
"Logo position","Vị trí logo",,
"Logs configuration","Cấu hình nhật ký",,
"Long name","Tên dài",,
"Longitude","Kinh độ",,
"M.","M.",,
"METAMODEL.DETAILS","METAMODEL.DETAILS",,
"Mail Batch","Batch thư",,
"Mail account","Tài khoản thư",,
"Mail batch","Batch thư",,
"Mail batch filters","Bộ lọc batch thư",,
"Mail batches","Batch thư",,
"Mail template association","Mail template association",,
"Mailing list created","Danh sách gửi thư đã tạo",,
"Mailing list message","Danh sách gửi thư",,
"Mailing list updated","Danh sách gửi thư đã cập nhật",,
"Mailing lists","Danh sách mail",,
"Main Activities","Hoạt động chính",,
"Main Activity","Hoạt động chính",,
"Main address","Địa chỉ chính",,
"Main calendar","Lịch chính",,
"Main company","Công ty chính",,
"Manage mail account by user","Quản lý tài khoản thư của người dùng",,
"Manage multi banks","Quản lý nhiều ngân hàng",,
"Manage prices for product variants","Quản lý giá cho các biến thể sản phẩm",,
"Manage product variants","Quản lý các biến thể sản phẩm",,
"Manage related CC & BCC emails","Quản lý email CC & BCC liên quan",,
"Manage subsidiaries on partners","Quản lý các công ty con theo đối tác",,
"Management coef.","Quản lý hệ số",,
"Manager Type","Loại quản lý",,
"Manual","Thủ công",,
"Manufacturing Year","Năm sản xuất",,
"Map","Bản đồ",,
"MapRest.Default","MapRest.Default",,
"MapRest.Delivery","MapRest.Delivery",,
"MapRest.Invoicing","MapRest.Invoicing",,
"MapRest.PinCharDefault","MapRest.PinCharDefault",,
"MapRest.PinCharDelivery","MapRest.PinCharDelivery",,
"MapRest.PinCharInvoicing","MapRest.PinCharInvoicing",,
"MapRest.ZERO_RESULTS","MapRest.ZERO_RESULTS",,
"Mapping","Mapping",,
"Mapping service provider","Mapping service provider",,
"Maps","Bản đồ",,
"March","Tháng ba",,
"Mass","Mass",,
"Mass unit","Mass unit",,
"Match with file","Khớp với tập tin",,
"Max discount (%)","Chiết khấu tối đa (%)",,
"Maximum export limit","Giới hạn xuất tối đa",,
"Maximum height should be 60 px.","Chiều cao tối đa nên là 60 px.",,
"Maximum number of records to export by using this advance export.","Số lượng bản ghi tối đa để xuất khi sử dụng xuất khẩu nâng cao.",,
"Maximum time before a process called by an user starts running in the background","Thời gian tối đa trước khi một quy trình được gọi bởi người dùng bắt đầu chạy ngầm",,
"May","Tháng năm",,
"Maybe","Có lẽ",,
"Meeting","Họp",,
"Merge duplicated","Hợp nhất trùng lặp",,
"Message","Tin nhắn",,
"Message destinated to","Tin nhắn chỉ định đến",,
"Messaging","Tin nhắn",,
"Meta field","Meta field",,
"Meta field name","Meta field name",,
"Meta file","Meta file",,
"Meta model","Meta model",,
"Meta model name","Meta model name",,
"MetaSchedule.service","MetaSchedule.service",,
"Minutes Unit","Đơn vị phút",,
"Missing data for required fields","Thiếu dữ liệu cho các trường bắt buộc",,
"Missing date format or expression","Thiếu định dạng hoặc biểu thức ngày",,
"Missing import fields","Thiếu các trường nhập",,
"Missing required fields","Thiếu các trường bắt buộc",,
"Missing sub fields for","Thiếu trường phụ cho",,
"Mobile phone","Điện thoại di động",,
"Model","Model",,
"Model default Path","Model default Path",,
"Model email link","Model email link",,
"Model email links","Model email links",,
"Models","Models",,
"Modification","Sửa đổi",,
"Module","Mô-đun",,
"Modules configurations","Cấu hình mô-đun",,
"Monday","Thứ hai",,
"Mondays","Thứ hai",,
"Month","Tháng",,
"Month days","Ngày tháng",,
"Month/days","Tháng/ngày",,
"Monthly reset","Đặt lại hàng tháng",,
"Months","Tháng",,
"Mother company","Công ty mẹ",,
"Move exports","Move exports",,
"Move lines","Move lines",,
"Movement","Movement",,
"Moves","Moves",,
"Ms.","Ms.",,
"Multiple pricings found for the product/category '%s', company '%s' and model '%s', only one expected.","Nhiều định giá được tìm thấy cho sản phẩm/danh mục '%s', công ty '%s' và mô hình '%s', dự kiến chỉ có một.",,
"Multiple qty","Multiple qty",,
"Multiple quantities","Multiple quantities",,
"Multiple quantities of purchase","Multiple quantities of purchase",,
"Multiple quantities of sale","Multiple quantities of sale",,
"Multiple quantity","Multiple quantity",,
"My Customers","Khách hàng của tôi",,
"My ERP calendars","Lịch ERP của tôi",,
"My Mailing lists","Danh sách gửi thư của tôi",,
"My Prospects","KH tiềm năng của tôi",,
"My Recent Contacts","Liên hệ gần đây của tôi",,
"My calendars","Lịch của tôi",,
"My events","Sự kiện của tôi",,
"My open tasks","Nhiệm vụ mở của tôi",,
"My tasks","Nhiệm vụ của tôi",,
"My teams","Đội của tôi",,
"NA","NA",,
"Name","Tên",,
"Name of the field in the model where to save the file","Tên trường trong mô hình nơi lưu tệp",,
"Name/Company Name","Tên/Tên công ty",,
"National Code","Mã quốc gia",,
"Navigation","Điều hướng",,
"Nb columns","Nb columns",,
"Nb of Inhabitants","Nb of Inhabitants",,
"Nb of digits for quantities","Nb of digits for quantities",,
"Nb of digits for unit prices","Nb of digits for unit prices",,
"Nb of first lines to be ignore","Nb of first lines to be ignore",,
"Nb. of Inhabitants","Nb. of Inhabitants",,
"Nested batch execution!","Nested batch execution!",,
"Net mass","Net mass",,
"New","Mới",,
"New customers with first sale order","Khách hàng mới có đơn bán hàng đầu tiên",,
"New job title","Chức danh mới",,
"New password","Mật khẩu mới",,
"Newly set value","Giá trị mới đặt",,
"Next N°","Số tiếp theo",,
"Next task","Nhiệm vụ tiếp theo",,
"No","Không",,
"No active company for this user, please define an active company.","Không có công ty hoạt động cho người dùng này, vui lòng xác định một công ty hoạt động.",,
"No contact to import.","Không liên hệ để nhập.",,
"No currency conversion found from '%s' to '%s' for date %s","Không có chuyển đổi tiền tệ nào được tìm thấy từ '%s' sang '%s' cho ngày%s",,
"No discount","Không chiết khấu",,
"No duplicate finder field configured.","Chưa cấu hình trường tìm kiếm trùng lặp",,
"No duplicate records found","Không có bản ghi trùng lặp",,
"No file found on %s.","Không tìm thấy tệp trên %s.",,
"No help","Không có trợ giúp",,
"No imported data to reset","No imported data to reset",,
"No period found or it has been closed for the company %s for the date %s","No period found or it has been closed for the company %s for the date %s",,
"No tax found for product %s","Không tìm thấy thuế cho sản phẩm %s",,
"Non-negotiable price list","Bảng giá không thể thương lượng",,
"None","Không có",,
"Not contains","Không chứa",,
"Not implemented yet!","Chưa được triển khai!",,
"Not sent","Chưa được gửi",,
"Not valid","Không hợp lệ",,
"Notes","Ghi chú",,
"Notice: The Zip/City field is automatically filled when the city is selected. You can change it when the Zip/City pair is missing or in case of minor change.","Lưu ý: Trường Zip/City được tự động điền khi thành phố được chọn. Bạn có thể thay đổi nó khi cặp Zip/City bị thiếu hoặc trong trường hợp thay đổi nhỏ.",,
"November","Tháng mười một",,
"Number of records to fetch from database on one query run. It will fetch upto 'Maximum export limit'.","Số lượng hồ sơ để tìm nạp từ cơ sở dữ liệu trong một truy vấn. Nó sẽ tìm nạp tối đa tới 'Giới hạn xuất tối đa'.",,
"Number of tasks generated at most at once","Số lượng nhiệm vụ được tạo ra nhiều nhất cùng một lúc",,
"Numeric code (ISO)","Mã số (ISO)",,
"N° Siren","N° Siren",,
"N° and Street label","N° and Street label",,
"ODS","ODS",,
"ODT","ODT",,
"OK","OK",,
"OSRM","OSRM",,
"Object","Đối tượng ",,
"Object id","ID đối tượng",,
"Object is missing for tab configuration(%s)","Đối tượng bị thiếu đối với cấu hình tab (%s)",,
"Object is not matched","Đối tượng không khớp",,
"Obsolete Products","Sản phẩm lỗi thời",,
"October","Tháng mười",,
"Old address","Địa chỉ cũ",,
"Old email","Email cũ",,
"Old job title","Chức danh cũ",,
"Old phone number","Số điện thoại cũ",,
"Open employee form","Mở form nhân viên",,
"Open period","Mở chu kỳ",,
"Open street map","Open street map",,
"Opened","Mở",,
"Operator","Operator",,
"Or","Or",,
"Order Bloqued Message","Order Bloqued Message",,
"Order by","Đặt bởi",,
"Order by type","Đặt hàng theo loại",,
"Organization","Tổ chức",,
"Organizer","Đơn vị tổ chức",,
"Original","Nguyên bản",,
"Other","Khác",,
"Other variants","Các biến thể khác",,
"Out","Out",,
"Overview","Tổng quan",,
"Owner","Chủ sở hữu",,
"Owner name","Tên chủ sở hữu",,
"PDF","PDF",,
"PDF Templates","Mẫu PDF",,
"PDF_417","PDF_417",,
"PFP Validator","PFP Validator",,
"PRINT_NOUN","PRINT_NOUN",,
"Packing","Đóng gói",,
"Padding","Padding",,
"Paid fixer API","Paid fixer API",,
"Parameter","Tham số",,
"Parameters","Tham số",,
"Parent","Cha",,
"Parent Menu","Menu cha",,
"Parent Price List","Bảng giá cha",,
"Parent category","Danh mục cha",,
"Parent company","Công ty mẹ",,
"Parent product","Sản phẩm cha",,
"Parent user","Người dùng cha",,
"Partial address","Địa chỉ rút gọn",,
"Partner","Đối tác",,
"Partner (Cust/Suppl)","Đối tác (KH/NCC)",,
"Partner Dashboard","Bảng điều khiển đối tác",,
"Partner Details","Chi tiết đối tác",,
"Partner Price lists","Bảng giá đối tác",,
"Partner Type","Loại đối tác",,
"Partner categories","Danh mục đối tác",,
"Partner category","Danh mục đối tác",,
"Partner default category","Danh mục mặc định của đối tác",,
"Partner details","Chi tiết đối tác",,
"Partner filters","Bộ lọc đối tác",,
"Partner has duplicate stock settings for same company","Đối tác có cài đặt trùng kho cho cùng một công ty",,
"Partner name","Tên đối tác",,
"Partner not found","Đối tác không tìm thấy",,
"Partner price lists","Bảng giá đối tác",,
"Partner sources","Nguồn đối tác",,
"Partner type","Loại đối tác",,
"Partner type selection","Lựa chọn loại đối tác",,
"Partner/Contact","Đối tác/Liên hệ",,
"Partners","Đối tác",,
"Partners by Industry Sector","Đối tác theo ngành",,
"Password","Mật khẩu",,
"Password doesn't match with configured pattern.","Mật khẩu không khớp với mẫu được cấu hình.",,
"Password must have at least 8 characters with at least three of these four types: lowercase, uppercase, digit, special.","Mật khẩu phải có ít nhất 8 ký tự với ít nhất ba trong số bốn loại sau: chữ thường, chữ hoa, chữ số, ký tự đặc biệt.",,
"Path to export file","Đường dẫn đến tệp xuất",,
"Path to export folder","Đường dẫn đến thư mục xuất",,
"Payment","Thanh toán",,
"Payment Mode","Chế độ thanh toán",,
"Payment Schedule","Lịch trình thanh toán",,
"Payment condition","Điều kiện thanh toán",,
"Payment delay (Average in days)","Chậm thanh toán (trung bình tính theo ngày)",,
"Payment mode","Chế độ thanh toán",,
"Payment mode filters","Bộ lọc chế độ thanh toán",,
"Payment vouchers","Chứng từ thanh toán",,
"Payroll Year","Năm lương",,
"Pdf Footer Settings","Cài đặt chân trang PDF",,
"Pdf Header Settings","Cài đặt tiêu đề PDF",,
"Per product","Mỗi sản phẩm",,
"Per product category","Mỗi loại sản phẩm",,
"Period","Period",,
"Period %s is now closed","Period %s is now closed",,
"Period closed","Period closed",,
"Period duration","Period duration",,
"Periods generation assistant","Periods generation assistant",,
"Periods list","Periods list",,
"Perishable","Dễ hỏng",,
"Permission","Quyền truy cập",,
"Permissions","Quyền truy cập",,
"Personalised export","Xuất cá nhân hóa",,
"Phone Book","Danh bạ điện thoại",,
"Phonebook.companyPhonebook","Phonebook.companyPhonebook",,
"Phonebook.contactPhonebook","Phonebook.contactPhonebook",,
"Photo","Ảnh",,
"Pick list","Pick list",,
"Picklist QAS","Picklist QAS",,
"Picture","Hình ảnh",,
"Please clear all existing periods before generating new ones","Vui lòng xóa tất cả các khoảng thời gian hiện có trước khi tạo ra những khoảng thời gian mới",,
"Please configure unit conversion from '%s' to '%s'.","Vui lòng định cấu hình chuyển đổi đơn vị từ '%s' sang '%s'.",,
"Please define a print template for the model :","Vui lòng xác định mẫu in cho mô hình:",,
"Please enter a tax version for the tax %s","Vui lòng nhập phiên bản thuế cho %s",,
"Please enter search call or search fields for the object(%s)","Vui lòng nhập các trường tìm kiếm cho đối tượng (%s)",,
"Please fill in GeoNames URL in Base application configuration.","Vui lòng điền URL Geonames trong cấu hình ứng dụng Cơ sở.",,
"Please fill in task date.","Vui lòng điền vào ngày nhiệm vụ.",,
"Please fill pixel for height","Vui lòng điền pixel cho chiều cao",,
"Please fill pixel for width","Vui lòng điền pixel cho chiều rộng",,
"Please import only excel file.","Vui lòng chỉ nhập tệp Excel.",,
"Please provide valid csv file name.","Vui lòng cung cấp tên tệp CSV hợp lệ.",,
"Please remove duplicate csv file name from excel file.","Vui lòng xóa tên tệp CSV trùng lặp khỏi tệp Excel.",,
"Please select a language on user form.","Vui lòng chọn một ngôn ngữ trên biểu mẫu người dùng.",,
"Please select active company","Vui lòng chọn Công ty Active",,
"Please select at least one record.","Vui lòng chọn ít nhất một bản ghi.",,
"Please select export object or export format.","Vui lòng chọn Xuất đối tượng hoặc định dạng xuất.",,
"Please select fields for export.","Vui lòng chọn các trường để xuất.",,
"Please select key fields to check duplicate","Vui lòng chọn các trường khóa để kiểm tra trùng lặp",,
"Please select multiple records","Vui lòng chọn nhiều bản ghi",,
"Please select original object.","Vui lòng chọn đối tượng gốc.",,
"Please select the Message(s) to print.","Vui lòng chọn (các) thông báo để in.",,
"Please upload csv or txt or zip files only.","Vui lòng chỉ tải lên các tệp CSV hoặc TXT hoặc ZIP.",,
"Please use ',' ';' or '|' as separator between two email addresses.","Vui lòng sử dụng ',' ';' hoặc '|' như phân tách giữa hai địa chỉ email.",,
"Polish Beta","Polish Beta",,
"Port","Port",,
"Portrait","Portrait",,
"Portuguese Beta","Portuguese Beta",,
"Postal addresses","Địa chỉ bưu chính",,
"Preferences","Tùy chọn",,
"Prefix","Tiền tố ",,
"Prefix cannot start with #.","Tiền tố không thể bắt đầu với #.",,
"Prefix or suffix must contain %M or %FM, and %YY or %YYYY since monthly reset is true","Tiền tố hoặc hậu tố phải chứa %m hoặc %fm, và %yy hoặc %yyyy vì đặt lại hàng tháng là đúng",,
"Prefix or suffix must contain %YY or %YYYY since yearly reset is true","Tiền tố hoặc hậu tố phải chứa %yy hoặc %yyyy vì thiết lập lại hàng năm là đúng",,
"Prefix or suffix must not contain characters forbidden in filenames.","Tiền tố hoặc hậu tố không được chứa các ký tự bị cấm trong tên tệp.",,
"Previous pricing","Giá trị trước đây",,
"Previous value","Giá trị trước đây",,
"Price Extra","Price Extra",,
"Price list","Bảng giá",,
"Price list content","Nội dung bảng giá",,
"Price list line","Dòng bảng giá",,
"Price list line list","Dòng danh sách bảng giá",,
"Price list lines","Dòng bảng giá",,
"Price lists","Bảng giá",,
"Prices updated","Giá được cập nhật",,
"Pricing","Định giá",,
"Pricing line","Dòng định giá",,
"Pricing lines","Dòng định giá",,
"Pricing rule","Quy tắc định giá",,
"Pricing rules","Quy tắc định giá",,
"Print","In ấn",,
"Print Footer","Chân trang in",,
"Print Header","Tiêu đề in",,
"Print Test","In thử",,
"Print line","Đường in",,
"Print lines","Đường in",,
"Print sublist","Danh sách in phụ",,
"Print template","Mẫu in",,
"Print template line","Dòng mẫu in",,
"Print template line test","In thử dòng mẫu in",,
"Print template lines","Dòng mẫu in",,
"Print template sublist","Danh sách mẫu in phụ",,
"Print templates","Mẫu in",,
"Printing","In ấn",,
"Printing Setting","Cài đặt in",,
"Printing Settings","Cài đặt in",,
"Printing settings","Cài đặt in",,
"Printing settings for trading name","In cài đặt cho tên giao dịch",,
"Printings","In ấn",,
"Prints","Bản in",,
"Priority","Ưu tiên",,
"Private","Riêng tư",,
"Procurement method","Phương thức thu mua",,
"Procurement settings","Cài đặt thu mua",,
"Produce","Sản xuất",,
"Product","Sản phẩm",,
"Product / Product model","Sản phẩm / Model sản phẩm",,
"Product BarCode","Mã vạch sản phẩm",,
"Product Catalog","Catalog sản phẩm",,
"Product Subtype","Subtype sản phẩm",,
"Product accounting families","Gia đình kế toán sản phẩm",,
"Product categories","Danh mục sản phẩm",,
"Product category","Danh mục sản phẩm",,
"Product category tree","Cây danh mục sản phẩm",,
"Product dates","Ngày sản phẩm",,
"Product families","Dòng sản phẩm",,
"Product launch Date","Ngày ra mắt sản phẩm",,
"Product not renewed","Sản phẩm không được gia hạn",,
"Product per company","Sản phẩm cho mỗi công ty",,
"Product pulled off market Date","Ngày sản phẩm rút khỏi thị trường",,
"Product sequence","Trình tự sản phẩm",,
"Product sheet","Bảng sản phẩm",,
"Product specific attributes","Thuộc tính riêng của sản phẩm",,
"Product types to group","Các loại sản phẩm để nhóm",,
"Product typology","Kiểu chữ sản phẩm",,
"Product unavailable for sale","Sản phẩm không có sẵn để bán",,
"Product updated","Cập nhật sản phẩm",,
"Product variant","Biến thể sản phẩm",,
"Product variant attr","Biến thể sản phẩm attr",,
"Product variant attr1","Biến thể sản phẩm attr1",,
"Product variant attr2","Biến thể sản phẩm attr2",,
"Product variant attr3","Biến thể sản phẩm attr3",,
"Product variant attr4","Biến thể sản phẩm attr4",,
"Product variant attr5","Biến thể sản phẩm attr5",,
"Product variant attribute","Thuộc tính biến thể sản phẩm",,
"Product variant attributes","Thuộc tính biến thể sản phẩm",,
"Product variant config","Cấu hình biến thể sản phẩm",,
"Product variant configuration","Cấu hình biến thể sản phẩm",,
"Product variant configurations","Cấu hình biến thể sản phẩm",,
"Product variant value","Giá trị biến thể sản phẩm",,
"Product variant value1","Giá trị biến thể sản phẩm 1",,
"Product variant value1 set","Bộ giá trị biến thể sản phẩm 1",,
"Product variant value2","Giá trị biến thể sản phẩm 2",,
"Product variant value2 set","Bộ giá trị biến thể sản phẩm 2",,
"Product variant value3","Giá trị biến thể sản phẩm 3",,
"Product variant value3 set","Bộ giá trị biến thể sản phẩm 3",,
"Product variant value4","Giá trị biến thể sản phẩm 4",,
"Product variant value4 set","Bộ giá trị biến thể sản phẩm 4",,
"Product variant value5","Giá trị biến thể sản phẩm 5",,
"Product variant value5 set","Bộ giá trị biến thể sản phẩm 5",,
"Product variant values","Giá trị biến thể sản phẩm",,
"Product variants","Biến thể sản phẩm",,
"ProductCatalog.description","Mô tả",,
"ProductCatalog.price","Giá",,
"ProductCatalog.reference","Tham chiếu",,
"ProductCatalog.summary","Tóm tắt",,
"ProductSheet.description","Mô tả",,
"ProductSheet.price","Giá",,
"ProductSheet.title","Tiêu đề",,
"ProductSheet.warranty","Bảo hành",,
"ProductType.product","Sản phẩm",,
"Production config","Cấu hình sản xuất",,
"Production information","Thông tin sản xuất",,
"Products","Sản phẩm",,
"Products (${ name })","Sản phẩm (${ name })",,
"Products ATI/WT","Sản phẩm ATI/WT",,
"Products With Variant","Sản phẩm với biến thể",,
"Products filters","Bộ lọc sản phẩm",,
"Products models","Model sản phẩm",,
"Products per companies","Sản phẩm trên mỗi công ty",,
"Products variant attributes","Thuộc tính biến thể sản phẩm",,
"Products variants","Biến thể sản phẩm",,
"Prof.","Prof.",,
"Prospect","Tiềm năng",,
"Prospects","Tiềm năng",,
"Prospects by Industry Sector","Tiềm năng theo ngành",,
"Prospects by country","Tiềm năng theo quốc gia",,
"Prototype","Nguyên mẫu",,
"Public","Public",,
"Public Holiday Planning","Lập kế hoạch ngày nghỉ lễ",,
"Public holidays list","Danh sách ngày nghỉ lễ",,
"Public holidays planning","Lập kế hoạch ngày nghỉ lễ",,
"Purch._block","Purch._block",,
"Purchasable","Có thể mua được",,
"Purchase","Mua hàng",,
"Purchase / Cost currency","Mua hàng / chi phí tiền tệ",,
"Purchase Tax","Thuế mua hàng",,
"Purchase config","Cấu hình mua hàng",,
"Purchase of fixed assets","Mua tài sản cố định",,
"Purchase price","Giá mua hàng",,
"Purchase price A.T.I.","Giá mua hàng đã bao gồm thuế",,
"Purchase price W.T.","Giá mua hàng chưa thuế",,
"Purchase price lists","Bảng giá mua",,
"Purchase product","Mua sản phẩm",,
"Purchase/Costs","Mua/chi phí",,
"Purchases","Mua hàng",,
"QAS Moniker","QAS Moniker",,
"QAS Proposal lists","QAS Proposal lists",,
"QAS certification","QAS certification",,
"QAS score","QAS score",,
"QR_CODE","MÃ QR",,
"Qty","Slg",,
"Qty (%)","Slg (%)",,
"Qty min (by product)","Slg Min (theo sản phẩm)",,
"Quantity should be a multiple of %s","Số lượng phải là bội số của %s",,
"Querie","Truy vấn",,
"Queries","Truy vấn",,
"Query","Truy vấn",,
"Query fetch size","Độ lớn trả về khi truy vấn",,
"Query fetch size must be greater than zero.","Độ lớn trả về khi truy vấn phải lớn hơn 0",,
"Query fetch size must be less than export limit.","Độ lớn trả về khi truy vấn phải nhỏ hơn giới hạn xuất",,
"Query language","Ngôn ngữ truy vấn",,
"Query result","Kết quả truy vấn",,
"Rank","Thứ hạng",,
"Rate","Tỷ lệ",,
"Read only","Chỉ đọc",,
"Real qty","Slg thực",,
"Receive notifications by email","Nhận thông báo qua email",,
"Recently created contacts","Liên hệ mới tạo",,
"Recently created partners","Đối tác mới tạo",,
"Recipient address","Địa chỉ người nhận",,
"Recipient details","Thông tin người nhận",,
"Recipients","Người nhận",,
"Reference","Tham chiếu",,
"Referential","Tham chiếu",,
"Refund blocking","Chặn hoàn trả",,
"Region","Tỉnh thành",,
"Region code","Mã",,
"Region name","Tên",,
"Regions","Tỉnh thành",,
"Registration code","Mã đăng ký",,
"Regroup products on printings","Nhóm sản phẩm khi in",,
"Reimb._block","Reimb._block",,
"Reimbursements","Bồi hoàn",,
"Reject","Từ chối",,
"Related document name","Tên tài liệu liên quan",,
"Related id","ID liên quan",,
"Related to","Liên quan với",,
"Relationship","Mối quan hệ",,
"Remin._block","Remin._block",,
"Remind Timesheet Validation Batch","Batch nhắc xác thực chấm công",,
"Remind time sheets validation","Nhắc xác thực chấm công",,
"Reminder blocking","Chặn nhắc nhở",,
"Remove duplicates","Loại bỏ trùng lặp",,
"Replace","Thay thế",,
"Replacement Tax","Thuế thay thế",,
"Report Type","Loại báo cáo",,
"Reportings","Báo cáo",,
"Reports","Báo cáo",,
"Reports to","Báo cáo cho",,
"Request performed","Yêu cầu thực hiện",,
"Reset import","Reset import",,
"Reset imported data successfully","Reset imported data successfully",,
"Reset to draft","Reset to draft",,
"Response error from map API: %s","Response error from map API: %s",,
"Result","Kết quả",,
"Result exported","Kết quả đã xuất",,
"Result param 1","Result param 1",,
"Result param 2","Result param 2",,
"Result param 3","Result param 3",,
"Result param 4","Result param 4",,
"Result rule 1","Result rule 1",,
"Result rule 2","Result rule 2",,
"Result rule 3","Result rule 3",,
"Result rule 4","Result rule 4",,
"Results","Kết quả",,
"Reverse Charge","Hoàn phí",,
"Reverse Charge Tax","Thuế hoàn phí",,
"Right","Phải",,
"Rights","Quyền",,
"Role","Vai trò",,
"Roles","Vai trò",,
"Routing","Định tuyến",,
"Routing action","Hành động định tuyến",,
"Routing action create","Tạo hành động định tuyến",,
"Routing actions","Hành động định tuyến",,
"Routing rule","Quy tắc định tuyến",,
"Routing rules","Quy tắc định tuyến",,
"Routing service provider for Open Street Map","Nhà cung cấp dịch vụ định tuyến cho Open Street Map",,
"Rule","Quy tắc ",,
"Run","Chạy",,
"Run analysis","Chạy phân tích",,
"Run off Date","Chạy ngày nghỉ",,
"Run off date cannot be inferior to start date","Ngày nghỉ không thể thấp hơn so với ngày bắt đầu",,
"Russian Beta","Russian Beta",,
"SQL","SQL",,
"SSL","SSL",,
"SWIFT address","Địa chỉ SWIFT",,
"SWIFT codes","Mã SWIFT",,
"Sale","Bán hàng",,
"Sale Tax","Thuế bán hàng",,
"Sale config","Cấu hình bán hàng",,
"Sale currency","Tiền tệ bán",,
"Sale order","Đơn bán hàng",,
"Sale price","Giá bán",,
"Sale price A.T.I.","Giá bán đã bao gồm thuế",,
"Sale price W.T.","Giá bán chưa thuế",,
"Sale price lists","Bảng giá bán",,
"Sale product","Sản phẩm bán",,
"Sale supply default method on sale order","Phương thức cung cấp mặc định theo đơn đặt hàng",,
"Sale_block","Sale_block",,
"Sales","Bán hàng",,
"Sales Manager","Quản lý kinh doanh",,
"Sales Turnover","Doanh thu bán hàng",,
"Saturday","Thứ bảy",,
"Saturdays","Thứ bảy",,
"Schedule","Lịch trình",,
"Schedule Event","Lên lịch sự kiện",,
"Schedule lines","Dòng lịch trình",,
"Schedules","Lịch trình",,
"Search","Tìm kiếm",,
"Search Call","Tìm kiếm Cuộc gọi",,
"Search fields","Trường tìm kiếm",,
"Second","Thứ hai",,
"Second line","Dòng thứ hai",,
"See stock details","Xem chi tiết kho",,
"Select Report Format","Chọn định dạng báo cáo",,
"Select all fields","Chọn tất cả các trường",,
"Select print template","Chọn mẫu in",,
"Select target field","Chọn trường mục tiêu",,
"Select template","Chọn mẫu",,
"Selected imported/synchronized calendars","Lịch đã nhập/đồng bộ hóa được chọn",,
"Selection language","Ngôn ngữ lựa chọn",,
"Sellable","Có thể bán được",,
"Semi-finished product","Bán thành phẩm",,
"Send","Gửi",,
"Send Email","Gửi email",,
"Send email","Gửi email",,
"Send email upon password change","Gửi email khi thay đổi mật khẩu",,
"Sender","Người gửi",,
"Separator","Separator",,
"September","Tháng chín",,
"Seq.","Mã tăng",,
"Sequence","Mã tăng",,
"Sequence Definition","Định nghĩa mã tăng",,
"Sequence filters","Bộ lọc mã tăng",,
"Sequence letters type select","Chọn loại ký tự cho mã tăng",,
"Sequence product type","Loại sản phẩm mã tăng",,
"Sequence type","Loại mã tăng",,
"Sequence type select","Chọn loại mã tăng",,
"Sequences","Mã tăng",,
"Serial Nbr","Số sê-ri",,
"Service","Dịch vụ",,
"Service Products","Sản phẩm dịch vụ",,
"Service unavailable, please contact a administrator","Dịch vụ không có sẵn, vui lòng liên hệ với quản trị viên",,
"Services","Dịch vụ",,
"Settings","Cài đặt",,
"Share with","Chia sẽ với",,
"Shared address","Địa chỉ chia sẻ",,
"Shared with","Được chia sẻ với",,
"Shared with me","Chia sẻ với tôi",,
"Sharing settings","Cài đặt chia sẻ",,
"Shipment Mode","Chế độ giao hàng",,
"Shipping Coef.","Hệ số vận chuyển",,
"Shipping Coef. Table","Bảng hệ số vận chuyển",,
"Short name","Tên rút gọn",,
"Show","Hiển thị",,
"Show all events","Hiển thị tất cả sự kiện",,
"Show all stock moves","Hiển thị tất cả điều chuyển kho",,
"Show bank order","Hiển thị lệnh ngân hàng",,
"Show permissions","Hiển thị quyền",,
"Show the reference","Hiển thị tham chiếu",,
"Signature","Chữ ký",,
"Single tab","Tab đơn nhất",,
"Some times are null and should not on %s","Some times are null and should not on %s",,
"Sort Code","Mã sắp xếp",,
"Source","Nguồn",,
"Source Currency","Tiền tệ nguồn",,
"Spanish Beta","Spanish Beta",,
"Spatial information","Thông tin không gian",,
"Specific information","Thông tin cụ thể",,
"Specific note","Ghi chú riêng",,
"Specific notes","Ghi chú riêng",,
"Specify whether the members of this group are technical staff.","Chỉ định xem các thành viên của nhóm này là nhân viên kỹ thuật hay không.",,
"Specify whether to block the user for an indefinite period.","Chỉ định có chặn người dùng trong một khoảng thời gian không xác định hay không.",,
"Split by","Tách bởi",,
"Standard","Tiêu chuẩn",,
"Standards","Tiêu chuẩn",,
"Start Date","Ngày bắt đầu",,
"Start date","Ngày bắt đầu",,
"Start date t","Ngày bắt đầu t",,
"Start of pack","Bắt đầu của gói",,
"Start unit cannot be void.","Đơn vị bắt đầu không thể bị vô hiệu.",,
"Status","Trạng thái",,
"Status select","Chọn trạng thái",,
"Step status select","Chọn bước trạng thái",,
"Stock","Kho hàng",,
"Stock Unit","Đơn vị kho hàng",,
"Stock config","Cấu hình kho hàng",,
"Stock history line","Dòng lịch sử kho hàng",,
"Stock move","Điều chuyển kho hàng",,
"Stock move lines","Dòng điều chuyển kho hàng",,
"Stock moves","Điều chuyển kho hàng",,
"Storable Products","Sản phẩm có thể lưu kho",,
"Store streets","Store streets",,
"Street","Đường phố",,
"Street number","Số đường",,
"Streets","Đường phố",,
"String","String",,
"String template","String template",,
"Style","Phong cách",,
"Sub Field","Trường phụ",,
"Sub field doesn't exist of field(%s) for the object(%s)","Trường phụ không tồn tại của trường (%s) cho đối tượng (%s)",,
"Sub field(%s) doesn't exist of field(%s) for the object(%s)","Trường phụ (%s) không tồn tại của trường (%s) cho đối tượng (%s)",,
"Sub import field","Trường nhập phụ",,
"Subcontractor","Nhà thầu phụ",,
"Subject","Subject",,
"Subject team","Subject team",,
"Subscribe","Đăng ký",,
"Subsidiaries","Subsidiaries",,
"Substitute PFP Validator","Substitute PFP Validator",,
"Succeeded","Đã thành công",,
"Successful send","Gửi thành công",,
"Suffix","Hậu tố",,
"Summary","Tóm tắt",,
"Sunday","Chủ nhật",,
"Sundays","Chủ nhật",,
"Supplier","Nhà cung cấp",,
"Supplier catalog","Catalog nhà cung cấp",,
"Supplier delivery time (days)","Thời gian giao hàng của nhà cung cấp (ngày)",,
"Supplier list","Danh sách nhà cung cấp",,
"Suppliers","Nhà cung cấp",,
"Suppliers by country","Nhà cung cấp theo quốc gia",,
"Suppliers payment delay (Average in days)","Nhà cung cấp chậm trễ thanh toán (trung bình tính theo ngày)",,
"Supply Chain config","Cấu hình chuỗi cung ứng",,
"Suspend Alarm","Tạm dừng cảnh báo",,
"Symbol","Biểu tượng",,
"SyncContact","Đồng bộ danh bạ",,
"Synchronization duration (week)","Khoảng thời gian đồng bộ hóa (tuần)",,
"Synchronize calendar","Đồng bộ hóa lịch",,
"THE_PLURAL","THE_PLURAL",,
"THE_SINGULAR","THE_SINGULAR",,
"Tab Config in file","Cấu hình tab trong tệp",,
"Tabs configuration","Cấu hình tab",,
"Target","Target",,
"Target Id","Target Id",,
"Target batch","Target batch",,
"Target field","Target field",,
"Target model","Target model",,
"Target page","Target page",,
"Target type","Target type",,
"Task","Nhiệm vụ",,
"Task templates","Mẫu nhiệm vụ",,
"Tasks","Nhiệm vụ",,
"Tasks created by me","Nhiệm vụ do tôi tạo ra",,
"Tasks due","Nhiệm vụ bị chậm",,
"Tasks open","Nhiệm vụ mở",,
"Tasks todo","Nhiệm vụ cần làm",,
"Tax","Thuế",,
"Tax N°","Mã số thuế",,
"Tax Rate","Thuế suất",,
"Tax Rates","Thuế suất",,
"Tax active version","Phiên bản thuế hoạt động",,
"Tax configuration is missing for Product: %s (company: %s)","Cấu hình thuế bị thiếu cho sản phẩm: %s (công ty: %s)",,
"Tax equivalence","Tương đương thuế",,
"Tax equivalences","Tương đương thuế",,
"Tax filters","Bộ lọc thuế",,
"Tax is missing","Thuế bị thiếu",,
"Tax rate list","Danh sách thuế suất",,
"Tax to replace","Thuế để thay thế",,
"Tax versions history","Lịch sử phiên bản thuế",,
"Taxes equivalences","Tương đương thuế",,
"Team","Đội nhóm",,
"Team Management","Quản lý đội nhóm",,
"Team task filters","Bộ lọc nhiệm vụ của đội nhóm",,
"Teams","Đội nhóm",,
"Teamwork","Làm việc nhóm",,
"Technical manager","Quản lý kỹ thuật",,
"Technical staff","Nhân viên kỹ thuật",,
"Template","Mẫu",,
"Template Footer","Chân trang của mẫu",,
"Template Header","Tiêu đề của  mẫu",,
"Template file name","Tên tệp tin của mẫu",,
"Template for changed password","Mẫu cho thay đổi mật khẩu",,
"Template for changed password is missing.","Mẫu cho thay đổi mật khẩu bị thiếu",,
"Template rule","Quy tắc mẫu",,
"Template rule line","Dòng quy tắc mẫu",,
"Template rule line list","Danh sách dòng quy tắc mẫu",,
"Template rule lines","Dòng quy tắc mẫu",,
"Template rules","Quy tắc mẫu",,
"Templates","Mẫu",,
"Territories","Vùng lãnh thổ",,
"Test","Kiểm tra",,
"Test connection","Kiểm tra kết nối",,
"Test connection to QAS webservice","Kiểm tra kết nối với dịch vụ web của QAS",,
"Test mapping service connection","Kiểm tra kết nối dịch vụ lập bản đồ",,
"Test template","Kiểm tra mẫu",,
"Testing","Kiểm tra",,
"Text Alignment","Căn chỉnh văn bản",,
"The analysis must be completed before the report can be printed.","Việc phân tích phải được hoàn thành trước khi báo cáo có thể được in.",,
"The classes total quantity and total worth must equal 100%.","Tổng số lượng và tổng giá trị phải bằng 100%.",,
"The currency exchange rate from '%s' to '%s' for date %s must be different from zero.","Tỷ giá hối đoái từ '%s' đến '%s' cho ngày%s phải khác 0.",,
"The end date has to be greater than or equal to the start date.","Ngày kết thúc phải lớn hơn hoặc bằng ngày bắt đầu.",,
"The end date is before the begin date.","Ngày kết thúc là trước ngày bắt đầu.",,
"The entered IBAN code is not valid . <br> Either the code doesn't respect the norm, or the format you have entered is not correct. It has to be without any blank space, as the following : <br> FR0000000000000000000000000","Mã IBAN đã nhập là không hợp lệ. <br> Mã không theo chuẩn hoặc định dạng bạn đã nhập không chính xác. Nó phải không có bất kỳ khoảng trống nào, giống như sau: <br> FR000000000000000000000000000",,
"The following address is invalid. Please use '+' button to create a new one :","Địa chỉ sau không hợp lệ. Vui lòng sử dụng nút '+' để tạo mới:",,
"The from date is incorrect","Từ ngày không chính xác",,
"The geonames file type is invalid.","Loại tệp Geonames không hợp lệ.",,
"The groovy condition result must be a boolean","Kết quả điều kiện Groovy phải là Boolean",,
"The line cannot be imported (import : %s)","Dòng không thể được nhập (nhập: %s)",,
"The price list %s will still be active when the price list %s will become active.","Bảng giá %s vẫn sẽ hoạt động khi bảng giá %s sẽ hoạt động.",,
"The product pulled-off date must be greater than the launch date.","Ngày sản phẩm rút khỏi thị trường phải lớn hơn ngày ra mắt.",,
"The same bank details are already active.","Các chi tiết ngân hàng tương tự đã hoạt động.",,
"The scheduler service is enabled.","Dịch vụ lập lịch được bật.",,
"The selected replacement account shall have similar property to the Source account. In this case, the replacement account is not set with compulsory anaytic distribution line on Move validation.","The selected replacement account shall have similar property to the Source account. In this case, the replacement account is not set with compulsory anaytic distribution line on Move validation.",,
"The tags below can be used as a prefix or a suffix","Các thẻ bên dưới có thể được sử dụng làm tiền tố hoặc hậu tố",,
"The to date is incorrect","Đến ngày không chính xác",,
"The webservice URL to retrieve exchange rate is not configured. Please select the method to retrieve exchange rates in the App Base configuration > Tab Interfaces > Panel Webservices","URL dịch vụ web để lấy lại tỷ giá hối đoái không được cấu hình. Vui lòng chọn phương thức truy xuất tỷ giá hối đoái trong cấu hình ứng dụng Cơ sở> Tab Giao diện> Mục Web services",,
"The worth and quantity value of each class must be greater than 0.","Giá trị và giá trị số lượng của mỗi lớp phải lớn hơn 0.",,
"There is already a pricing that has the selected pricing as previous pricing, for the product/category '%s', company '%s' and model '%s'.","Đã có một giá có giá được chọn là giá trước đó, cho sản phẩm/danh mục '%s', công ty '%s' và mô hình '%s'.",,
"There is an archived partner with this name.","Có một đối tác lưu trữ với tên này.",,
"There is no configured sequence for product","Không có mã tăng nào được cấu hình cho sản phẩm",,
"There is no configured sequence for the category","Không có mã tăng nào được cấu hình cho danh mục",,
"There is no field for tab configuration(%s)","Không có trường nào cho tab cấu hình (%s)",,
"There is no matching address in the QAS base","Không có địa chỉ phù hợp trong cơ sở QAS",,
"There is no records to export.","Không có bản ghi để xuất.",,
"There is no sequence set for the partners","Không có bộ mã tăng nào được đặt cho các đối tác",,
"There was no exchange rate found for %1$tm/%1$td/%1$tY. The retrieved exchange rate was the applicable rate at %2$tm/%2$td/%2$tY","Không có tỷ giá hối đoái được tìm thấy cho %1$tm/%1$td/%1$tY. Tỷ giá hối đoái được truy xuất là tỷ giá áp dụng ở %2$tm/%2$td/%2$tY",,
"Third","Thứ ba",,
"Third line","Dòng thứ ba",,
"This batch is not runnable!","Lô này không có thể chạy được!",,
"This code is already use by another batch.","Mã này đã được sử dụng bởi một lô khác.",,
"This maximal discount","Chiết khấu tối đa này",,
"Thursday","Thứ năm",,
"Thursdays","Thứ năm",,
"Ticket","Vé",,
"Time","Thời gian",,
"Time Zone","Múi giờ",,
"Time before expiry (in months)","Thời gian trước khi hết hạn (tính bằng tháng)",,
"Time logging preference","Thiết lập ghi nhật ký thời gian",,
"Time slot","Time slot",,
"Time unit","Time unit",,
"Timeout for processes (seconds)","Thời gian chờ cho các quy trình (giây)",,
"Timer","Bộ hẹn giờ",,
"Timer history","Lịch sử hẹn giờ",,
"Timer history list","Danh sách lịch sử hẹn giờ",,
"Times","Lần",,
"Times-Bold","Times-Bold",,
"Times-BoldItalic","Times-BoldItalic",,
"Times-Italic","Times-Italic",,
"Times-Roman","Times-Roman",,
"Timesheets Reminder","Nhắc nhở chấm công",,
"Tips","Mẹo",,
"Title","Tiêu đề",,
"Titles","Tiêu đề",,
"To","Đến",,
"To Date","Cho đến ngày",,
"To Unit","Đơn vị đích",,
"To display the classification number, please set up a sequence","Để hiển thị số phân loại, vui lòng thiết lập một mã tăng",,
"To generate periods, please fill in the Period duration.","Để tạo chu kỳ, vui lòng điền vào khoảng thời gian của chu kỳ.",,
"To generate periods, please fill in the limits of the year.","Để tạo chu kỳ, vui lòng điền vào các giới hạn của năm.",,
"Today date","Ngày tháng hiện tại",,
"Too much iterations.","Quá nhiều chu kỳ lặp.",,
"Tools","Công cụ",,
"Total :","Tổng cộng :",,
"Total sequence length must be less than 15 characters.","Tổng chiều dài mã tăng phải ít hơn 15 ký tự.",,
"Total variants","Tổng số biến thể",,
"Tracebacks","Truy vết",,
"Track creation","Truy vết tạo mới",,
"Track deletion","Truy vết xóa",,
"Track export","Truy vết xuất",,
"Track reading","Truy vết đọc",,
"Track update","Truy vết cập nhật",,
"Tracking condition","Điều kiện truy vết",,
"Tracking logs persistence (in months)","Lưu lại nhật ký truy vết (tính bằng tháng)",,
"Tracking number","Số truy vết",,
"Trading name","Tên giao dịch",,
"Trading name printing settings list","Danh sách cài đặt in tên giao dịch",,
"Trading names","Thương hiệu",,
"Trading names that can buy this product","Thương hiệu có thể mua sản phẩm này",,
"Trading names that can sell this product","Thương thiệu có thể bán sản phẩm này",,
"Transfer","Chuyển khoản",,
"Transient password","Transient password",,
"Translated titles","Tiêu đề đã dịch",,
"Tuesday","Thứ ba",,
"Tuesdays","Thứ ba",,
"Turnover","Doanh số",,
"Type","Loại hình",,
"Type of Bank Details Id","ID loại ngân hàng chi tiết",,
"UID","UID",,
"UPC_A","UPC_A",,
"URL","URL",,
"URL to QAS WSDL","URL to QAS WSDL",,
"Unable to connect to Geonames server","Không thể kết nối với máy chủ Geonames",,
"Unable to generate Birt report file","Không thể tạo tệp báo cáo BIRT",,
"UnderLine","Gạch chân",,
"Unit","Đơn vị",,
"Unit conversion","Chuyển đổi đơn vị",,
"Unit conversions","Chuyển đổi đơn vị",,
"Unit of length","Đơn vị chiều dài",,
"Unit of mass","Đơn vị khối lượng",,
"Unit type","Loại đơn vị",,
"Units","Đơn vị",,
"Unknown action %s for the %s treatment","Unknown action %s for the %s treatment",,
"Unrenewed","Không khôi phục lại",,
"Unsaved record","Bản ghi chưa lưu",,
"Unsubscribe","Hủy đăng ký",,
"Update & Historize conversion rate","Tỷ lệ chuyển đổi Cập nhật & Lịch sử",,
"Update contact field","Cập nhật trường liên hệ",,
"Update products prices","Cập nhật giá sản phẩm",,
"Update sale price from cost price","Cập nhật giá bán từ giá chi phí",,
"Update stock location","Cập nhật vị trí kho",,
"Uploaded file is not a valid zip file","Tệp được tải lên không phải là một tệp zip hợp lệ",,
"Uploaded file must have the same format as the selected type.","Tệp được tải lên phải có cùng định dạng với loại đã chọn.",,
"Uppercase / lowercase","Chữ in hoa / chữ thường",,
"Url","URL",,
"Use QAS Validation","Sử dụng xác thực QAS",,
"Use YOUR navigation (http://www.yournavigation.org/api/1.0/gosmore.php) or OSRM (https://router.project-osrm.org/route/v1/driving) Open source routing APIs to get routing information based upon a given start/end location.","Use YOUR navigation (http://www.yournavigation.org/api/1.0/gosmore.php) or OSRM (https://router.project-osrm.org/route/v1/driving) Open source routing APIs to get routing information based upon a given start/end location.",,
"Use for stock only","Chỉ sử dụng cho kho",,
"Use letters","Sử dụng chữ cái",,
"Use lowercases","Sử dụng chữ thường",,
"Use numbers","Sử dụng số",,
"Use signature for purchase quotations","Sử dụng chữ ký cho báo giá mua hàng",,
"Use signature for sales quotations","Sử dụng chữ ký cho báo giá bán hàng",,
"Use uppercases","Sử dụng chữ hoa",,
"Used in DEB","Được sử dụng trong DEB",,
"Used in DES","Được sử dụng trong DES",,
"User","Người sử dụng",,
"User cannot be null.","Người dùng không thể là NULL.",,
"User context cannot be null.","Bối cảnh người dùng không thể là NULL.",,
"User filters","Bộ lọc người dùng",,
"User preferences","Tùy chọn của người dùng",,
"Users","Người dùng",,
"Users list","Danh sách người dùng",,
"Users/Companies","Người dùng/Công ty",,
"Valid","Hợp lệ",,
"Valid Latitude Longitude","Kinh độ vĩ độ hợp lệ",,
"Valid query.","Truy vấn hợp lệ.",,
"Validate","Xác nhận tính hợp lệ",,
"Validate values","Xác nhận tính hợp lệ các giá trị",,
"Validated","Đã xác nhận",,
"Validation log","Nhật ký xác nhận",,
"Value","Giá trị",,
"Values","Giá trị",,
"Values list","Danh sách giá trị",,
"Variants","Biến thể",,
"Variants generated","Các biến thể đã tạo",,
"Variation","Sự thay đổi",,
"Version","Phiên bản",,
"Versions","Phiên bản",,
"Vietnamese Beta","Vietnamese Beta",,
"View Products","Xem sản phẩm",,
"View global tracking logs","Xem nhật ký theo dõi toàn cầu",,
"View map","Xem bản đồ",,
"Visibility","Hiển thị",,
"Visible","Hiển thị",,
"W.T. by default","Không thuế theo mặc định",,
"WARNING : For the specified currencies %s/%s, please first close the current open conversion period starting %3$tm/%3$td/%3$tY (by filling the end date) to then create a new one. Periods dates shouldn't overlap.","CẢNH BÁO: Đối với các loại tiền tệ được chỉ định %s/%s, vui lòng đóng thời gian chuyển đổi mở hiện tại bắt đầu từ %3$tm/%3$td/%3$tY (bằng cách điền vào ngày kết thúc) để tạo ra một cái mới. Các khoảng thời gian không nên chồng chéo.",,
"WARNING : For the specified currencies %s/%s, the input fromDate is overlapping with an already existing conversion record. Period dates shouldn't overlap and are set on an included-included basis e.g. [From Date - To Date].","CẢNH BÁO: Đối với các loại tiền tệ được chỉ định %s/ %s, từ ngày chồng chéo với bản ghi chuyển đổi đã có. Các khoảng thời gian không nên chồng chéo và được thiết lập trên cơ sở bao gồm-bao gồm, ví dụ: [Từ ngày - đến ngày].",,
"WARNING : Please close the current conversion period before creating new one","CẢNH BÁO: Vui lòng đóng thời gian chuyển đổi hiện tại trước khi tạo một cái mới",,
"WARNING : Process to retrieve exchange rate didn't work due to incorrect value in 'Currency Ws URL' in AppBase. Please contact support team for further investigation.","CẢNH BÁO: Quy trình lấy tỷ giá hối đoái không hoạt động do giá trị không chính xác trong 'URL WS tiền tệ' trong AppBase. Vui lòng liên hệ với nhóm hỗ trợ để điều tra thêm.",,
"WARNING : To Date must be after or equals to From Date","CẢNH BÁO: Đến ngày phải theo sau hoặc bằng từ ngày",,
"WORD","WORD",,
"Warning !","Cảnh báo !",,
"Warning : Exported maximum export limit records.","CẢNH BÁO: Đã xuất tối đa bản ghi giới hạn xuất.",,
"Warning : the pay period %s is closed.","CẢNH BÁO: Thời hạn thanh toán %s đã đóng.",,
"Warning, modifying those configuration can have technical repercussions.","Cảnh báo, sửa đổi các cấu hình đó có thể có hậu quả kỹ thuật.",,
"Warning, the price list contains at least one product that is not renewed or not available for sale.","Cảnh báo, bảng giá chứa ít nhất một sản phẩm không được gia hạn hoặc không có sẵn để bán.",,
"Warning, this product is present in at least one price list","Cảnh báo, sản phẩm này có mặt trong ít nhất một bảng giá",,
"Warranty","Bảo hành",,
"Warranty length (in months)","Thời hạn bảo hành (tính bằng tháng)",,
"Web","Web",,
"Webservices","Webservices",,
"Website","Website",,
"Wednesday","Thứ tư",,
"Wednesdays","Thứ tư",,
"Week days","Ngày trong tuần",,
"Weekly Planning","Lập kế hoạch tuần",,
"Weekly planning","Lập kế hoạch tuần",,
"Whether to show help messages.","Có hiển thị thông điệp trợ giúp hay không.",,
"Whether to use tabbed ui.","Có nên sử dụng giao diện tab hay không.",,
"Width","Chiều rộng",,
"Width(px)","Chiều rộng (px)",,
"With page break","Cùng với phân trang",,
"Worth","Đáng giá",,
"Worth (%)","Đáng giá (%)",,
"X","X",,
"XLS","XLS",,
"XML File","Tệp XML",,
"YOUR navigation","YOUR navigation",,
"Year","Năm",,
"Year filters","Bộ lọc năm",,
"Year is not in adjusting mode","Năm không ở chế độ điều chỉnh",,
"Yearly","Hàng năm",,
"Yearly reset","Đặt lại hàng năm",,
"Years","Năm",,
"Yes","Có",,
"You are about to overwrite an existing exchange rate. This rate may already be in use in the system. Do you wish to continue ?","Bạn sắp ghi đè lên một tỷ giá hối đoái hiện có. Tỷ giá này có thể đã được sử dụng trong hệ thống. Bạn có muốn tiếp tục không?",,
"You can not turn-off this configuration because more than one company is configurated in the system.","Bạn không thể tắt cấu hình này vì có nhiều hơn một công ty được cấu hình trong hệ thống.",,
"You can select only one default delivery address.","Bạn chỉ có thể chọn một địa chỉ phân phối mặc định.",,
"You can select only one default invoicing address.","Bạn chỉ có thể chọn một địa chỉ viết hóa đơn mặc định.",,
"You can't compute a duration ratio without end date.","Bạn không thể tính tỷ lệ thời lượng mà không có ngày kết thúc.",,
"You can't compute a duration ratio without start date.","Bạn không thể tính tỷ lệ thời lượng mà không có ngày bắt đầu.",,
"You can't start a timer that has already started","Bạn không thể bắt đầu một bộ đếm khi nó đã bắt đầu",,
"You can't stop a timer that hasn't been started","Bạn không thể dừng một bộ đếm khi nó chưa được bắt đầu",,
"You will lost all configuration. Are you sure ?","Bạn sẽ mất tất cả cấu hình. Bạn có chắc không ?",,
"Your Password","Mật khẩu của bạn",,
"Your password","Mật khẩu của bạn",,
"Your selection is valid","Lựa chọn của bạn là hợp lệ",,
"ZIMBRA","ZIMBRA",,
"ZapfDingbats","ZapfDingbats",,
"Zip","Zip",,
"Zip On Right","Zip On Right",,
"Zip code","Zip code",,
"Zip/City","Zip/City",,
"\n","\n",,
"advanced.export.button.export.csv","advanced.export.button.export.csv",,
"and","và",,
"blue","blue",,
"btn.import","Nhập",,
"calendar.owner","Chủ sở hữu",,
"com.axelor.apps.base.job.BatchJob",,,
"com.axelor.apps.base.job.CurrencyConversionJob",,,
"com.axelor.apps.base.job.GlobalTrackingLogCleaningJob",,,
"com.axelor.apps.base.job.MailJob",,,
"com.axelor.apps.base.service.batch.BaseBatchService",,,
"com.axelor.apps.base.service.batch.MailBatchService",,,
"com.axelor.mail.service.MailFetchJob",,,
"confirm password","mật khẩu xác nhận",,
"cost price","giá vốn",,
"current password","mật khẩu hiện tại",,
"cyan","cyan",,
"dark-gray",,,
"day","ngày",,
"days","ngày",,
"e.g. Building A, Entry 2, 2nd Floor, Door 2E","e.g. Tòa A, Lối vào 2, Tầng 2, Cửa 2E",,
"e.g. Financial department, CEO","e.g. Phòng Tài chính, CEO",,
"e.g. POB 254","e.g. POB 254",,
"each month","mỗi tháng",,
"first","Đầu tiên",,
"fourth","thứ tư",,
"gray",,,
"green",,,
"http://www.url.com","http://www.url.com",,
"iCalendars",,,
"iEvents",,,
"import.name","Nhập",,
"import.verb","Nhập",,
"importconfig.btn","Nhập",,
"in percantage or pixel like (50%, 50px)","tỉ lệ phần trăm hoặc pixel như (50%, 50px)",,
"last","cuối cùng",,
"light-gray",,,
"login name","tên đăng nhập",,
"magenta",,,
"menu.citizenship","Quyền công dân",,
"month","tháng",,
"months","tháng",,
"new password","mật khẩu mới",,
"of","của",,
"or","hoặc",,
"orange",,,
"password","mật khẩu",,
"pink",,,
"px",,,
"red",,,
"second","thứ hai",,
"territory.department","Phòng ban",,
"territory.departments","Phòng ban",,
"third","Thứ ba",,
"until","cho đến khi",,
"user group","nhóm người dùng",,
"user name","tên tài khoản",,
"v1","v1",,
"v2","v2",,
"v3","v3",,
"v4","v4",,
"v5","v5",,
"value:Base",,,
"weekdays","Ngày trong tuần",,
"weekends","ngày cuối tuần",,
"weeks","tuần",,
"whatever@example.com","whatever@example.com",,
"white",,,
"will not be applied to following children categories","sẽ không được áp dụng cho các danh mục con sau",,
"will override discounts applied to parents categories","sẽ ghi đè chiết khấu đã áp dụng cho các danh mục cha",,
"yellow",,,
"your password","mật khẩu của bạn",,
"{{ {'1':'Remin._block','2':'Inv._block','3':'Reimb._block','4':'Debit_block','5':'Sale_block','6':'Purch._block'}[item.blockingSelect] }}",,,
