"key","message","comment","context"
"${fullName} plan. st. move","${fullName} Kế hoạch điều chuyển kho",,
"${product.fullName} plan. st. move","${product.fullName} Kế hoạch điều chuyển kho",,
"${product.fullName} real st. move","${product.fullName} thực tế điều chuyển kho",,
"${product.fullName} reserved","${product.fullName} đã đặt trước",,
"%",,,
"%d order invoiced successfully,","%d đơn hàng được lập hóa đơn thành công,",,
"%d orders invoiced successfully,","%d đơn hàng được lập hóa đơn thành công,",,
"%d outgoing stock move processed successfully,","%d Hàng gửi đi đã xử lý thành công,",,
"%d outgoing stock moves processed successfully,","%d Hàng gửi đi đã xử lý thành công,",,
"%s : The advance payment generation failed. Please configure the bank details for the company %s and the associated payment mode %s either on the payment mode side or this Sale order %s record (hidden field).","%s: Tạo thanh toán trước không thành công. Vui lòng định cấu hình chi tiết ngân hàng cho công ty %s và chế độ thanh toán được liên kết %s ở phía chế độ thanh toán hoặc đơn đặt hàng này %s hồ sơ (trường ẩn).",,
"%s blocked : maximal accepted credit exceeded for %s.","%s bị chặn: Vượt quá mức tín dụng tối đa cho %s.",,
"%s please configure a virtual supplier stock location for the company %s","%s vui lòng cấu hình kho NCC ảo cho công ty %s",,
"%s purchase order","%s Đơn hàng mua",,
"%s requested reserved","%s Yêu cầu đặt trước",,
"%s sale order","%s Đơn hàng bán ",,
"%s stock location","%s Kho",,
"A supplier partner must be selected","Phải chọn một đối tác là NCC",,
"A.T.I.","Bao gồm tất cả thuế",,
"Accepted Credit","Tín dụng được chấp nhận",,
"Accounting Family Dashboard","Bảng thông tin gia đình kế toán",,
"Accounting Family sale turnover (Excl. Tax) per month","Doanh thu bán hàng mỗi tháng (chưa bao gồm thuế)",,
"Accounting cut off generation report :","Báo cáo tổng kết kế toán:",,
"Accounting cut-off","Khóa sổ kế toán",,
"Accounting cut-off configuration","Cấu hình khóa sổ kế toán",,
"Action","Hành động",,
"Actions","Hành động",,
"Activate partial invoicing for incoming moves","Kích hoạt hóa đơn từng phần cho hàng chuyển đến",,
"Activate partial invoicing for outgoing moves","Kích hoạt hóa đơn từng phần cho chuyển hàng đi",,
"Activate partner delegations","Kích hoạt ủy quyền đối tác",,
"All invoices have been generated for this sale order.","Tất cả hóa đơn được tạo cho đơn đặt hàng này.",,
"Allocated Qty","Số lượng được phân bổ",,
"Allocated qty","Số lượng được phân bổ",,
"Allow Subscriptions for Sale orders","Cho phép đăng ký cho các đơn bán hàng",,
"Allow complete manually sale order","Cho phép hoàn thành đơn bán hàng theo cách thủ công",,
"Allow finish manually purchase order","Cho phép hoàn thành đơn mua hàng thủ công",,
"Allow timetable invoicing","Cho phép lập hóa đơn theo thời gian biểu",,
"Amount","Số lượng",,
"Amount cannot be superior to the order's total excluding taxes","Số tiền không được cao hơn tổng tiền của đơn đặt hàng không bao gồm thuế",,
"Amount invoiced W.T.","Tổng tiền hóa đơn chưa thuế",,
"Amount remaining to use","Số tiền còn lại để sử dụng",,
"Amount to invoice","Tổng tiền trên hóa đơn",,
"An active stock move (%s) already exists for the sale order %s.","Đã tồn tại một hoạt động điều chuyển kho (%s) cho đơn đặt hàng %s.",,
"An invoice not canceled already exists for the incoming stock move %s","Tồn tại hóa đơn chưa bị hủy cho chuyển kho hàng đến %s",,
"An invoice not canceled already exists for the outgoing stock move %s","Tồn tại hóa đơn chưa bị hủy cho chuyển kho hàng đi %s",,
"Analytic Move Line","Phân tích điều chuyển kho",,
"Analytic distribution lines","Chi tiết phân tích quá trình phân phối",,
"Analytic distribution template","Mẫu phân tích quá trình phân phối",,
"Analytic move lines","Phân tích điều chuyển kho",,
"App","Ứng dụng",,
"App Supplychain","Ứng dụng chuỗi cung ứng",,
"App supplychain","Ứng dụng chuỗi cung ứng",,
"Archived","Lưu trữ",,
"Are you sure you want generate all proposals ?","Bạn có chắc bạn muốn tạo tất cả các đề xuất?",,
"Are you sure you want to run the calculation ? Calculation can take a long time.","Bạn có chắc là bạn muốn chạy phép tính? Phép tính có thể mất nhiều thời gian.",,
"At least one sale order line must be selected","Ít nhất một bản ghi đơn đặt hàng phải được chọn",,
"At least one stock move is in litigation, do you really want to validate passed for payment ?","Ít nhất một hoạt động chuyển hàng đang bị kiện, bạn có muốn xác nhận thanh toán đã thông qua không?",,
"Auto allocate during an availability request","Tự động phân bổ khi có yêu cầu khả dụng",,
"Auto allocate stock on other stock moves","Tự động phân bổ kho cho các hoạt động điều chuyển kho",,
"Auto allocate stock on receipt","Tự động phân bổ kho khi nhận",,
"Auto request reserved qty","Tự động yêu cầu số lượng đặt trước",,
"Availability requests","Yêu cầu khả dụng",,
"Available","Có sẵn",,
"Available status","Trạng thái có sẵn",,
"Available stock","Hàng có sẵn",,
"Batch","Lô",,
"Batch update stock history :","cập nhật hàng loạt lịch sử tồn kho:",,
"Batches","Hàng loạt",,
"Batchs","Hàng loạt",,
"Block deallocation on availability request","Chặn phân bổ ở các yêu cầu khả dụng",,
"Blocked by","Bị chặn bởi",,
"Blocked until","Bị chặn cho đến khi",,
"Blocking reason","Lý do chặn",,
"Budget","Ngân sách",,
"Budget Distribution","Phân phối ngân sách",,
"Budget amount available","Ngân sách có sẵn",,
"Budget distribution","Phân phối ngân sách",,
"Budget distributions","Phân phối ngân sách",,
"Building quantity","Số lượng xây dựng",,
"Buyers","Người mua",,
"Calculation End Date","Ngày kết thúc tính toán",,
"Calculation Start Date","Ngày bắt đầu tính toán",,
"Calculation ended","Phép tính đã kết thúc",,
"Calculation in progress","Phép tính đang trong tiến trình",,
"Calculation started","Phép tính đã bắt đầu",,
"Can only be cancelled from drafted or confirmed forecast.","Chỉ có thể bị hủy khi là bản thảo hoặc dự báo xác nhận.",,
"Can only be confirmed from drafted forecast.","Chỉ có thể được xác nhận từ dự báo soạn thảo.",,
"Can only go back to confirmed if completed.","Chỉ có thể quay lại xác nhận nếu hoàn thành.",,
"Can only return to validated from finished purchase order.","Chỉ có thể trở lại xác nhận từ đơn đặt hàng đã hoàn thành.",,
"Can't remove delivered detail line %s.","Không thể loại bỏ dòng chi tiết đã phân phối %s.",,
"Cancel","Hủy bỏ",,
"Cancel reason on changing sale order","Lý do hủy đơn bán hàng đã sửa đổi",,
"Cancel stock allocation ?","Hủy phân bổ kho?",,
"Cancelled","Bị hủy bỏ",,
"Carriage paid threshold","Ngưỡng thanh toán phí vận chuyển",,
"Carriage paid threshold is exceeded, all shipment cost lines are removed","Vượt quá ngưỡng thanh toán vận chuyển, tất cả các chi phí vận chuyển sẽ bị xóa",,
"Carrier","Vận chuyển",,
"Change allocated qty","Thay đổi số lượng được phân bổ",,
"Change requested reserved qty","Thay đổi số lượng đặt trước được yêu cầu",,
"Change reserved qty","Thay đổi số lượng đặt trước",,
"Check stocks in a sale order","Kiểm tra hàng tồn kho trong một đơn bán",,
"Code","Mã số",,
"Comment","Ghi chú",,
"Comments","Ghi chú",,
"Committed amount","Số tiền cam kết",,
"Committed total amount","Tổng số tiền cam kết",,
"Company","Công ty",,
"Complete sale order when all has been invoiced","Đơn bán hàng hoàn thành khi tất cả đã được lập hóa đơn",,
"Compute sub stock locations","Tính toán vị trí kho phụ",,
"Configuration","Cấu hình",,
"Confirm","Xác nhận",,
"Confirm Purchase order generation","Xác nhận tạo đơn mua hàng",,
"Confirmation","Xác nhận",,
"Confirmation date","Ngày xác nhận",,
"Confirmed","Đã xác nhận",,
"Consolidate the proposals per supplier","Hợp nhất các đề xuất cho mỗi nhà cung cấp",,
"Consume manuf order quantity","Số lượng đơn hàng sản xuất tiêu thụ",,
"Contact","Liên hệ",,
"Contact partner","Lien hệ đối tác",,
"Contract/Subscription","Hợp đồng/ Thuê bao",,
"Country","Quốc gia",,
"Create interco invoice as validated","Tạo hóa đơn interco như được xác thực",,
"Create interco purchase quotation as requested","Tạo báo giá mua hàng theo yêu cầu",,
"Create interco sale quotation as finalized","Tạo báo giá bán hàng khi hoàn thành",,
"Create purchase counterpart on this status","Tạo đối tác mua hàng ở trạng thái này",,
"Create sale counterpart on this status","Tạo đối tác bán hàng ở trạng thái này",,
"Created by","Được tạo bởi",,
"Created by interco","Được tạo bởi Interco",,
"Created from SOP","Được tạo ra từ SOP",,
"Created manually","ĐƯợc tạo thủ công",,
"Created on","Được tạo vào",,
"Cumulated invoiced %","Đã lập hóa đơn tích lũy %",,
"Cumulative qty","Số lượng tích lũy",,
"Current date","Ngày hiện tại",,
"Current date + days","Ngày hiện tại + ngày",,
"Customer","Khách hàng",,
"Customer Stock Move to invoice","Chuyển hàng cho KH chuyển sang hóa đơn",,
"Customer deliveries","Giao hàng tới KH",,
"Customer deliveries filters","Bộ lọc giao hàng tới KH",,
"Customer deliveries management","Quản lý giao hàng tới KH",,
"Customer delivery","Giao hàng tới KH",,
"Customer shipping carriage paid configuration","Cấu hình vận chuyển đã thanh toán của khách hàng",,
"Customs code nomenclature is missing on product %s.","Thiếu mã danh pháp hải quan trên sản phẩm %s",,
"DECLARATION OF EXCHANGES OF GOODS BETWEEN MEMBER STATES OF THE EUROPEAN COMMUNITY","Tuyên bố trao đổi hàng hóa giữa các quốc gia thành viên của cộng đồng châu Âu",,
"Dashlet.Moves","Điều chuyển kho",,
"Date","Ngày",,
"Date of shipment","Ngày giao hàng",,
"Days between firm and proposal purchase","Ngày chênh lệch giữa mua và đề xuất mua hàng",,
"Declaration of exchange filters","Bộ lọc tuyên bố giao dịch",,
"Declaration of exchanges","Tuyên bố giao dịch",,
"Declaration of exchanges of goods","Tuyên bố trao đổi hàng hóa",,
"Declarations of exchanges","Tuyên bố giao dịch",,
"Default estimated date in stock move from purchase order","Ngày ước tính mặc định chuyển kho của đơn mua hàng",,
"Default estimated date in stock move from sale order","Ngày ước tính mặc định chuyển kho của đơn bán hàng",,
"Delayed invoicing","Hóa đơn bị hoãn",,
"Delivered by","Giao hàng bởi",,
"Deliveries Cancelled","Giao hàng bị hủy",,
"Deliveries History","Lịch sử giao hàng",,
"Deliveries to prepare","Giao hàng cần chuẩn bị",,
"Delivery State","Trạng thái giao hàng",,
"Delivery conditions","Điều kiện giao hàng",,
"Delivery or receipt state","Trạng thái giao nhận hàng",,
"Delivery partner","Đối tác giao hàng",,
"Delivery state","Trạng thái giao hàng",,
"Description","Mô tả",,
"Direct order","Đặt hàng trực tiếp",,
"Direct order default stock location","Đặt hàng trực tiếp ở kho mặc định",,
"Direct order stock location","Đặt hàng trực tiếp ở kho",,
"Display product without proposal","Hiển thị sản phẩm không đề xuất",,
"Don't take in consideration for the stock calcul","Đừng xem xét tính toán kho",,
"Don't take in consideration on MRP","Đừng xem xét về MRP",,
"Draft","Bản thảo",,
"Edited by user","Được chỉnh sửa bởi người dùng",,
"Element","Yếu tố",,
"End date","Ngày kết thúc",,
"Entry of stock","Nhập kho",,
"Error : you have exceeded the budget %s for this period","Lỗi: Bạn đã vượt quá ngân sách %s trong giai đoạn này",,
"Error during the computation of MRP %s","Lỗi trong quá trình tính MRP %s",,
"Error generating subscription invoice(s): '%s'","Lỗi tạo hóa đơn đăng ký : '%s'",,
"Error that happened during the computation","Lỗi xảy ra trong quá trình tính ",,
"Estimated shipping date","Ngày vận chuyển ước tính",,
"European declaration of services","Tuyên bố dịch vụ châu Âu",,
"Exclude from MRP","Loại trừ từ MRP",,
"Expected realisation date","Ngày thực hiện dự kiến",,
"Expected/Future Quantity","Số lượng dự kiến/tương lai",,
"Expedition","Hành trình",,
"Export directory is not configured.","Thư mục xuất không được cấu hình.",,
"Field of application","Ứng dụng",,
"Filters","Bộ lọc",,
"Fiscal year","Năm tài chính",,
"FixedAsset.Location","Địa điểm",,
"Forecast date","Ngày dự báo",,
"Forecasted customer invoices","Dự báo hóa đơn KH",,
"Forecasted invoice customer account","Tài khoản KH cho hóa đơn",,
"Forecasted invoice supplier account","Tài khoản NCC cho hóa đơn",,
"Forecasted supplier invoices","Dự báo hóa đơn NCC",,
"Forecasts","Dự báo",,
"Format","Định dạng",,
"Forwarder","Người giao nhận",,
"Freight carrier mode","Hình thức vận tải",,
"From Date","Ngày bắt đầu",,
"From stock location","Kho lấy",,
"Future quantity","Số lượng tương lai",,
"Generate Invoice","Tạo hóa đơn",,
"Generate all proposals","Tạo tất cả các đề xuất",,
"Generate customer deliveries automatically","Tự động tạo giao hàng cho khách hàng",,
"Generate inc. moves for products","Tạo chuyển kho cho sản phẩm",,
"Generate inc. moves for services","Tạo chuyển kho cho dịch vụ",,
"Generate invoice from purchase order","Tạo hóa đơn từ đơn mua hàng",,
"Generate invoice from sale order","Tạo hóa đơn từ đơn bán hàng",,
"Generate invoice from stock move","Tạo hóa đơn từ điều chuyển kho",,
"Generate one invoice per incoming stockMove","Tạo hóa đơn cho hàng nhập kho",,
"Generate one invoice per outgoing stockMove","Tạo hóa đơn cho hàng xuất kho",,
"Generate out. moves for products","Tạo chuyển kho ra cho sản phẩm",,
"Generate out. moves for services","Tạo chuyển kho cho dịch vụ",,
"Generate proposal","Tạo đề xuất",,
"Generate purchase orders automatically","Tạo đơn mua hàng tự động",,
"Generate single invoice","Tạo hóa đơn",,
"Generate supplier arrivals automatically","Tự động tạo lượt đến của NCC",,
"Generate supply chain configurations","Tạo cấu hình chuỗi cung ứng",,
"Generate the invoice","Tạo hóa đơn",,
"Generated sale order","Đã tạo đơn hán hàng",,
"Has carriage paid possibility","Cho phép thanh toán phí vận chuyển",,
"Hide Unit Amounts","Ẩn số đơn vị",,
"Ideal Qty","Số lượng lý tưởng",,
"If true, after allocating quantity for a given stock move we allocate the remaining quantity in others stock moves.","Nếu đúng, sau khi phân bổ số lượng cho một hoạt động chuyển hàng, chúng tôi phân bổ số lượng còn lại trong các hoạt động chuyển hàng khác.",,
"If true, the requested quantity for reservation will be equal to the quantity of the given sale order line.","Nếu đúng, số lượng yêu cầu đặt trước sẽ bằng với số lượng của đơn đặt hàng đã cho.",,
"Ignore end date","Bỏ qua ngày kết thúc",,
"Include element without date","Bao gồm yếu tố không có ngày",,
"Include elements with a date later than MRP end date.","Bao gồm các phần tử có ngày muộn hơn ngày kết thúc MRP.",,
"Include in DEB","Bao gồm trong DEB",,
"Include not stock managed product","Bao gồm sản phẩm không quản lý trong kho",,
"Incorrect product in the stock move %s","Sản phẩm không chính xác trong chuyển kho %s",,
"Incoterm",,,
"Indicators","Chỉ số",,
"Information","Thông tin",,
"Insurance date credit","Ngày bảo hiểm tín dụng",,
"Interco","Interco",,
"Interco from invoice","Interco từ hóa đơn",,
"Interco from purchase","Interco từ mua hàng",,
"Interco from sale","Interco từ bán hàng",,
"Introduction","Giới thiệu",,
"Invoice","Hóa đơn",,
"Invoice %s type is not filled.","Loại hóa đơn %s không được chỉ định.",,
"Invoice all","Tất cả hóa đơn",,
"Invoice an advance payment","Hóa đơn thanh toán trước",,
"Invoice blocking","Chặn hóa đơn",,
"Invoice blocking reason","Lý do chặn hóa đơn",,
"Invoice blocking reasons","Lý do chặn hóa đơn",,
"Invoice controlled","Hóa đơn được kiểm soát",,
"Invoice created","Hóa đơn đã tạo",,
"Invoice generated","Hóa đơn được tạo",,
"Invoice on timetable","Hóa đơn trên thời gian biểu",,
"Invoice orders","Hóa đơn đặt hàng",,
"Invoice orders batch type","Loại lô hóa đơn đặt hàng",,
"Invoice orders configuration","Cấu hình hóa đơn đặt hàng",,
"Invoice outgoing stock moves","Hóa đơn xuất kho",,
"Invoice partially stock move","Hóa đơn chuyển kho từng phần",,
"Invoice selected lines","Lập hóa đơn cho các dòng đã chọn",,
"Invoiced","Lập hóa đơn",,
"Invoiced Qty","SLg theo chứng từ",,
"Invoiced by","Hóa đơn được lập bởi",,
"Invoiced partner","Đối tác lập hóa đơn",,
"Invoiced periods","Kì lập hóa đơn",,
"Invoices","Hóa đơn",,
"Invoicing","Hóa đơn",,
"Invoicing Blocking","Chặn lập hóa đơn",,
"Invoicing Date","Ngày lập hóa đơn",,
"Invoicing batch","Lô hóa đơn",,
"Invoicing blocked customer deliveries","Hàng giao khách bị chặn xuất hóa đơn",,
"Invoicing of this stock move is blocked.","Điều chuyển kho này bị chặn xuất hóa đơn",,
"Invoicing status","Trạng thái hóa đơn",,
"Is ISPM 15 required","Chuẩn ISPM 15 bắt buộc",,
"Is amount in %","Số tiền trong %s",,
"Is certificate of conformity required","Giấy chứng nhận phù hợp yêu cầu?",,
"Is merged stock move line","Điều chuyển kho đã hợp nhất?",,
"Is out day nb between purchase and proposal","Số ngày giữa mua hàng và đề xuất",,
"It is not possible to delete a stock move line with allocated or reserved quantity.","Không thể xóa dòng chuyển kho với số lượng đã phân bổ hoặc dự trữ.",,
"Label","Nhãn",,
"Late Deliveries","Giao hàng muộn",,
"Left empty","Để trống",,
"Line numberFiscal valueTaker",,,
"Line numberNomenclatureSource or destination countryFiscal valueRegimeNet massSupplementary unitNature of transactionMode of transportDepartmentCountry of originAcquirerProduct codeProduct namePartnerInvoice",,,
"Lines to invoice","Các dòng được lập hóa đơn",,
"Link type","Loại liên kết",,
"List","Danh sách",,
"LogisticalForm.customerCode","Mã KH",,
"LogisticalForm.customerName","Tên KH",,
"LogisticalForm.date","Ngày",,
"LogisticalForm.item","Mặt hàng",,
"LogisticalForm.itemDescription","Mô tả ",,
"LogisticalForm.packagingNumber","Mã đóng gói",,
"LogisticalForm.packingList","Danh sách đóng gói",,
"LogisticalForm.shippingComments","Ghi chú vận chuyển",,
"LogisticalForm.totalNetMass","tổng khối lượng tịnh",,
"LogisticalFormLine.numberOfParcels/Pallets: {0} - LogisticalForm.totalGrossMass ({1}): {2}",,,
"LogisticalFormLine.palletNo <strong>{0}</strong> - LogisticalFormLine.dimensions <strong>{1}</strong> - LogisticalFormLine.grossMass ({2}): <strong>{3}</strong>",,,
"LogisticalFormLine.parcelNo <strong>{0}</strong> - LogisticalFormLine.dimensions <strong>{1}</strong> - LogisticalFormLine.grossMass ({2}): <strong>{3}</strong>",,,
"LogisticalFormLine.qty","Số lượng",,
"LogisticalFormLine.stockMoveNo {0} / LogisticalFormLine.refNo {1}","LogisticalFormLine.StockMoveno {0} / LogisticalFormLine.Refno {1}",,
"MPS","Lịch trình sản xuất",,
"MRP","Hoạch định yêu cầu vật liệu",,
"MRP Type","Loại MRP",,
"MRP Types","Loại MRP",,
"MRP families","Gia đình MRP",,
"MRP family","Gia đình MRP",,
"MRP forecast","Dự báo MRP",,
"MRP forecasts","Dự báo MRP",,
"MRP move types","Các loại di chuyển MRP",,
"MRP number","Mã MRP",,
"MRP n°%s is now finished","Mã MRP %s hiện đã hoàn thành",,
"Manage advance payments from payment conditions","Quản lý thanh toán tạm ứng từ các điều kiện thanh toán",,
"Manage stock reservation","Quản lý đặt trước kho",,
"Managed by","Được quản lý bởi",,
"Managed for","Quản lý cho",,
"Mass Cust. Stock Move Invoicing","Hóa đơn chuyển kho của KH đại trà",,
"Mass Suppl. Stock Move Invoicing","Hóa đơn điều chuyển kho của NCC lớn",,
"Maturity","Đến kỳ hạn",,
"Maximum level","Mức tối đa",,
"Min qty","Số lượng tối thiểu",,
"Missing","Thiếu",,
"Missing link to sale order line (from sale order id = %s) for stock move line %s","Thiếu liên kết đến đơn mua hàng (từ id đơn bán hàng bán hàng = %s) của bản ghi chuyển kho %s",,
"Missing manuf order quantity","Thiếu số lượng đặt hàng sãn xuất",,
"Missing purchase order with id %s for stock move line %s","Thiếu đơn mua hàng với ID %s cho hoạt động điều chuyển kho %s",,
"Month","Tháng",,
"Move","Điều chuyển kho",,
"Move date","Ngày điều chuyển",,
"Move description","Mô tả điều chuyển kho",,
"Mrp","Kế hoạch yêu cầu vật liệu",,
"Mrp calculation is already on going.","Tính MRP đang được thực hiện",,
"Mrp line","Chi tiết kế hoạch yêu cầu vật liệu",,
"MrpList.code","Mã",,
"MrpList.createdOn","Ngày tạo",,
"MrpList.cumulativeQty","Lượng cộng dồn",,
"MrpList.endDate","Ngày kết thúc",,
"MrpList.forecastDate","Ngày dự kiến",,
"MrpList.forecastsTitle","Dự kiến",,
"MrpList.maturityDate","Ngày đến hạn",,
"MrpList.maxLevel","Mức tối đa",,
"MrpList.minQty","Số lượng tối thiểu",,
"MrpList.name","Tên",,
"MrpList.parentProductCategory","Danh mục sản phẩm chính",,
"MrpList.partner","Đối tác",,
"MrpList.price","Giá",,
"MrpList.product","Sản phẩm",,
"MrpList.productCategoriesTitle","Danh mục sản phẩm",,
"MrpList.productCategory","Danh mục sản phẩm",,
"MrpList.productFamiliesTitle","Tiêu đề họ sản phẩm",,
"MrpList.productFamily","Họ sản phẩm",,
"MrpList.productType","Loại sản phẩm",,
"MrpList.productsTitle","Sản phẩm",,
"MrpList.qty","Số lượng",,
"MrpList.relatedTo","Liên quan tới",,
"MrpList.saleOrdersTitle","Tiêu đề đơn mua hàng",,
"MrpList.salePrice","Giá bán",,
"MrpList.stockLocation","Kho hàng",,
"MrpList.title","Tiêu đề",,
"MrpList.totalATI","Tổng đã bao gồm thuế",,
"MrpList.totalWT","Tổng chưa thuế",,
"MrpList.type","Loại",,
"MrpList.unit","Đơn vị",,
"MrpWeeks.createdOn","Ngày tạo",,
"MrpWeeks.endDate","Ngfay kết thúc",,
"MrpWeeks.maxLevel","Mức tối đa",,
"MrpWeeks.product","Sản phẩm",,
"MrpWeeks.stockLocation","Kho hàng",,
"MrpWeeks.title","Tiêu đề",,
"MrpWeeks.unit","Đơn vị",,
"MrpWeeks.week","Tuần",,
"Name","Tên",,
"Nbr of days","Số ngày",,
"No default supplier is defined for the product %s","Không có nhà cung cấp mặc định nào được xác định cho sản phẩm %s",,
"No delivery stock move to generate for this purchase order","Không có giao hàng nào được tạo cho đơn bán hàng này",,
"No delivery stock move to generate for this sale order","Không có giao hàng nào được tạo cho đơn mua hàng này",,
"No invoice was generated","Không có hóa đơn nào được tạo ra",,
"No stock location valid. Please uncheck the chosen stock location 'is not in MRP'.","Không có kho hợp lệ. Vui lòng bỏ chọn 'không có trong MRP'.",,
"Not enough quantity are available for reservation for product %s (%s)","Không đủ số lượng có sẵn để đặt trước cho sản phẩm %s ( %s)",,
"Not invoiced","Không lập hóa đơn",,
"Note","Ghi chú",,
"Number of Product per Accounting Family","Số lượng sản phẩm cho mỗi họ kế toán",,
"Number of Product per Category","Số lượng sản phẩm trên mỗi danh mục",,
"Number of days","Số ngày",,
"OK",,,
"One-off sale outgoing quantity","Bán hết một lần số lượng gửi đi",,
"One-off sales","Bán hết một lần",,
"One-off sales excluded","Bán hết một lần loại trừ",,
"One-off sales included","Bán hết một lần bao gồm",,
"One-off sales only","Chỉ bán hết một lần",,
"Operation choice","Lựa chọn hoạt động",,
"Order %s","Đặt hàng %s",,
"Order invoicing report:","Báo cáo hóa đơn đặt hàng:",,
"Order up to date","Đặt hàng đến ngày",,
"Order(s) processed","Đơn hàng được xử lý",,
"Ordered by","Đặt hàng bởi",,
"Origin","Xuất xứ",,
"Origins","Xuất xứ",,
"Out of stock","Hết hàng",,
"Outgoing quantity (One-off sale excluded)","Số lượng đi (loại trừ bán một lần)",,
"Outgoing stock move invoicing report:","Báo cáo hóa đơn xuất kho:",,
"PFP Status","Trạng thái PFP",,
"PO line","Chi tiết PO",,
"Pack lines","Chi tiết đóng gói",,
"Packing list","Danh sách đóng gói",,
"Parent Stock location","Kho hàng chính",,
"Parent line","Dòng chính",,
"Partial invoicing of outgoing stock move with tracking number activated is not supported.","Không hỗ trợ lập hóa đơn từng phần đối với việc xuất kho theo số theo dõi được kích hoạt.",,
"Partially invoiced","Lập hóa đơn một phần",,
"Partner","Đối tác",,
"Partner is missing on stock move %s.","Đối tác bị thiếu ở chuyển kho %s.",,
"Partner relations type","Loại quan hệ đối tác",,
"Partner relations types","Loại quan hệ đối tác",,
"Payment condition","Điều kiện thanh toán",,
"Payment mode","Phương thức thanh toán",,
"Percentage","%",,
"Period","Giai đoạn",,
"Picking Order Info","Chọn thông tin đơn hàng",,
"Planned stock move lines","Chi tiết kế hoạch chuyển kho",,
"Please configure a correct value for the sale order date used for reservation.","Vui lòng cấu hình một giá trị chính xác cho ngày mua hàng được sử dụng để đặt trước.",,
"Please configure the advance payment account for the company %s","Vui lòng cấu hình tài khoản thanh toán trước cho công ty %s",,
"Please configure the advance payment product","Vui lòng cấu hình sản phẩm thanh toán trước",,
"Please configure the sale order invoicing product","Vui lòng cấu hình hóa đơn bán sản phẩm",,
"Please confirm the sale order before invoicing.","Vui lòng xác nhận đơn đặt hàng trước khi lập hóa đơn.",,
"Please do not enter negative quantity for reservation.","Vui lòng không nhập số lượng âm để đặt trước.",,
"Please enter amount to invoice.","Vui lòng nhập số tiền vào Hóa đơn.",,
"Please fill a quantity to invoice.","Vui lòng điền số lượng vào hóa đơn.",,
"Please fill unit for product %s","Vui lòng điền đơn vị cho sản phẩm %s",,
"Please generate a stock move for this sale order before modifying allocated quantity.","Vui lòng tạo một hoạt động điều chuyển kho cho đơn bán hàng này trước khi sửa đổi số lượng được phân bổ.",,
"Please select an element to run calculation","Vui lòng chọn một phần tử để chạy phép tính",,
"Please uncheck picking order edited box from this stock move from Cust. Shipment to prepare menu entry.","Vui lòng bỏ chọn đơn hàng đã sửa từ menu 'Lô hàng của KH cần chuẩn bị'",,
"Please validate the purchase order before invoicing.","Vui lòng xác thực đơn mua hàng trước khi lập hóa đơn.",,
"Please, select a currency for the order %s","Xin vui lòng, chọn đơn vị tiền cho đơn hàng %s",,
"Please, select a supplier for the line %s","Xin vui lòng, chọn một NCC cho dòng %s",,
"Print","In",,
"Product","Sản phẩm",,
"Product Accounting Family","Họ kế toán sản phẩm",,
"Product Category","Danh mục sản phẩm",,
"Product Type","Loại sản phẩm",,
"Product categories","Danh mục sản phẩm",,
"Product families","Họ sản phẩm",,
"Product is missing.","Sản phẩm bị thiếu.",,
"Product launches/withdrawal each month","Sản phẩm ra mắt/ thu hồi mỗi tháng",,
"Product stock for %s is not enough for availability request","Tồn kho sản phẩm cho %s là không đủ yêu cầu",,
"Product type","Loại sản phẩm",,
"Product type distribution","Phân phối loại sản phẩm",,
"Products","Sản phẩm",,
"Products DB 1","Sản phẩm DB 1",,
"Products Details","Chi tiết sản phẩm",,
"Projected Stock","Tồn kho sản phẩm",,
"Projected stock","Tồn kho sản phẩm",,
"Proposal","Đề xuất",,
"Proposal generated","Đề xuất đã được tạo",,
"Proposal select","Đề xuất chọn",,
"Proposals have been generated successfully.","Các đề xuất đã được tạo ra thành công.",,
"Purchase order","Đơn hàng mua",,
"Purchase order line","Chi tiết đơn hàng mua",,
"Purchase order or sale order without estimated delivery date and manufacturing order without planned date. In this case, we use the MRP start date (today)","Đơn hàng mua hoặc đơn hàng bán không có ngày giao hàng dự kiến và đơn đặt hàng sản xuất không có ngày lên kế hoạch. Trong trường hợp này, chúng tôi sử dụng ngày bắt đầu MRP (hôm nay)",,
"Purchase order quantity","Số lượng đơn hàng mua",,
"Purchase order without incoming stock move","Đơn hàng mua mà không cần chuyển kho đến",,
"Purchase order without stock move","Đơn hàng mua mà không cần chuyển kho",,
"Purchase orders","Đơn hàng mua",,
"Purchase proposal","Đề xuất mua hàng",,
"Purchases orders","Đơn hàng mua",,
"Qty","Số lượng",,
"Qty to invoice","Sô lượng lập hóa đơn",,
"Quantity cannot be lower than already delivered quantity on detail line %s.","Số lượng không thể thấp hơn số lượng đã giao trên dòng chi tiết %s.",,
"Quantity requested","Số lượng yêu cầu",,
"Real Qty","Số lượng thực",,
"Real quantity","Số lượng thực",,
"Real/Current Quantity","Số lượng thực/hiện tại",,
"Receipt state","Trạng thái biên lai",,
"Recovered tax","Thuế đã thu hồi",,
"Ref","Tham chiếu",,
"Refill Qty","Số lượng nạp lại",,
"Related to","Liên quan tới",,
"Related to select","Liên quan đến lựa chọn",,
"Relation 1","Quan hệ 1",,
"Relation 2","Quan hệ 2",,
"Remaining Qty","Số lượng còn lại",,
"Reports","Báo cáo",,
"Requested reserved qty","Số lượng đặt trước được yêu cầu",,
"Requested reserved quantity","Số lượng đặt trước được yêu cầu",,
"Reservation date time","Ngày đặt trước",,
"Reserved quantity","Số lượng đặt trước",,
"Reserved stock move lines","Chi tiết điều chuyển kho đặt trước",,
"Result","Kết quả",,
"Results","Kết quả",,
"Reverse move date","Ngày chuyển ngược",,
"Run accounting cut-off","Bắt đầu khóa sổ kế toán",,
"Run calculation","Bắt đàu phép tính",,
"SO line","Chi tiết SO",,
"SO schedule line","Chi tiết lịch trình SO",,
"SO schedule lines","Chi tiết lịch trình SO",,
"Sale Batch","Bán hàng loạt",,
"Sale Order","Đơn hàng bán",,
"Sale batch filters","Bộ lọc bán hàng hàng loạt",,
"Sale batches","Bán hàng loạt",,
"Sale forecast","Dự báo bán hàng",,
"Sale order","Đơn bán hàng",,
"Sale order date used for stock reservation","Ngày đặt hàng được sử dụng để đặt trước",,
"Sale order line","Chi tiết đơn hàng bán",,
"Sale order quantity","Số lượng đơn hàng bán",,
"Sale order without outgoing stock move","Đơn hàng bán không phải xuất kho",,
"Sale order without stock move","Đơn hàng bán không phải chuyển kho",,
"Sale orders","Đơn hàng bán",,
"Sales","Bán hàng",,
"Sales forecast","Dự báo doanh số bán hàng",,
"Sales order","Đơn bán hàng",,
"Sales order line","Chi tiết đơn bán hàng",,
"Sales orders","Đơn bán hàng",,
"Salesperson or buyer set","Nhân viên bán hàng tập người mua",,
"Salespersons","Nhân viên bán hàng",,
"Schedule line list","Danh sách dòng lịch trình",,
"See budget distribution lines","Xem chi tiết phân phối ngân sách",,
"See projected stock","Xem lượng hàng dự kiến",,
"See stock history","Xem lịch sử kho hàng",,
"Select","Chọn",,
"Select all","Chọn tất cả",,
"Select supplier partner","Chọn đối tác cung cấp",,
"Select the lines to invoice","Chọn các dòng để lập hóa đơn",,
"Select timetables to invoice","Chọn thời gian biểu để lập hóa đơn",,
"Seq.","Mã tăng",,
"Sequence to order MRP results","Trình tự sắp xếp kết quả MRP",,
"Shipment Mode","Hình thức giao hàng",,
"Shipment mode","Hình thức giao hàng",,
"Shipping cost","Phí vận chuyển",,
"Show Total","Hiển thị tổng số",,
"Specific package","Gói cụ thể",,
"Standard","Chuẩn",,
"Standard delay (days)","Độ trễ tiêu chuẩn (ngày)",,
"Status","Trạng thái",,
"Status considered to filter a purchase order","Trạng thái để lọc đơn mua hàng",,
"Status considered to filter a sale order","Trạng thái để lọc đơn bán hàng",,
"Statuses to take into account","Các trạng thái của tài khoản",,
"Stock","Kho",,
"Stock details","Chi tiết kho",,
"Stock details by product","Chi tiết kho theo sản phẩm",,
"Stock history","Lịch sử kho",,
"Stock history line","Chi tiết lịch sử kho",,
"Stock history updated","Cập nhật lịch sử kho",,
"Stock location","Kho hàng",,
"Stock location is missing for the purchase order %s.","Thiếu kho cho đơn mua hàng %s",,
"Stock location is missing for the sale order %s.","Thiếu kho cho đơn bán hàng %s",,
"Stock location lines by product","Chi tiết tồn kho theo sản phẩm",,
"Stock move","Điều chuyển kho",,
"Stock move %s has already been invoiced.","Điều chuyển kho %s đã được lập hóa đơn.",,
"Stock move %s has been created for this sale order","Điều chuyển kho %s đã được tạo ra cho đơn bán hàng này",,
"Stock move has already been totally invoiced.","Điều chuyển kho đã được lập hóa đơn toàn bộ",,
"Stock move line","Chi tiết chuyển kho",,
"Stock move lines","Chi tiết chuyển kho",,
"Stock move type","Loại điều chuyển kho",,
"Stock move(s) processed","Điều chuyển kho đã xử lí",,
"Stock moves","Điều chuyển kho",,
"StockMove","Điều chuyển kho",,
"Subscription","Đăng ký",,
"Subscription invoice generation report :","Tạo Báo cáo Hóa đơn Đăng ký",,
"Subscription invoices to validate","Hóa đơn đăng ký để xác nhận",,
"Supplier","Nhà cung cấp",,
"Supplier Arrivals","Hàng nhận từ NCC",,
"Supplier Stock Move to invoice","Chuyển kho nhà cung cấp thành hóa đơn",,
"Supplier arrival","Hàng nhận từ NCC",,
"Supplier arrivals management","Quản lí hàng nhận từ NCC",,
"Supply chain","Chuỗi cung ứng",,
"Supply chain config","Cấu hình chuỗi cung ứng",,
"Supply chain config (${ name })","Cấu hình chuỗi cung ứng ($ {name})",,
"Supply chain configuration","Cấu hình chuỗi cung ứng",,
"Supply chain configurations","Cấu hình chuỗi cung ứng",,
"Supply chain links","Liên kết chuỗi cung ứng",,
"Supply chain links type","Loại liên kết chuỗi cung ứng",,
"Supply chain type","Loại chuỗi cung ứng",,
"Supply method","Phương thức cung ứng",,
"Supplychain Batch","Lô chuỗi cung ứng",,
"Supplychain batch","Lô chuỗi cung ứng",,
"Supplychain batch filters","Bộ lọc lô chuỗi cung ứng",,
"Supplychain batches","Lô chuỗi cung ứng",,
"Take in account sub categories","Xem xét các danh mục phụ",,
"Task","Tác vụ",,
"Tax number is missing on partner %s.","Đối tác %s bị thiếu mã thuế",,
"Team","Đội",,
"Template","Mẫu",,
"Terminate purchase order on Receipt","Chấm dứt đơn mua hàng khi có biên nhận",,
"Terminate sale order on delivery","Chấm dứt đơn bán hàng khi giao hàng",,
"Terms","Điều khoản",,
"The allocated quantity must not be greater than the quantity in the stock move line %s.","Số lượng được phân bổ không được lớn hơn số lượng ở chuyển kho %s.",,
"The amount to be spread over the timetable is negative.","Số tiền sẽ được phân phối qua thời gian biểu là số âm.",,
"The amount to invoice is superior than the amount in the sale order","Số tiền trên hóa đơn cao hơn số tiền trong đơn bán hàng",,
"The batch has already been running for this move date. Are you sure to continue ?","Lô hàng đã được chạy cho ngày di chuyển này. Bạn có chắc chắn sẽ tiếp tục không?",,
"The client is required and must be the same for all sale orders","Khách hàng là bắt buộc và phải giống cho tất cả các đơn bán hàng",,
"The company %s doesn't have any configured sequence for MRP","Công ty %s không cấu hình mã tăng cho MRP",,
"The company is required and must be the same for all purchase orders","Công ty là bắt buộc và phải giống cho tất cả các đơn mua hàng",,
"The company is required and must be the same for all sale orders","Công ty là bắt buộc và phải giống cho tất cả các đơn bán hàng",,
"The currency is required and must be the same for all sale orders","Đơn vị tiền là bắt buộc và phải giống cho tất cả các đơn bán hàng",,
"The customer account is blocked because he has late payments.","Tài khoản khách hàng bị chặn vì thanh toán trễ.",,
"The execution of MRP n°%s is now finished, you can click above to see the results.","Quá trình thực thi của mã MRP %s hiện đã kết thúc, bạn có thể nhấp vào bên trên để xem kết quả.",,
"The invoice for the stock move %s can't be generated because of this following error : %s","Không thể tạo hóa đơn cho đợt chuyển kho %s do lỗi sau: %s",,
"The invoice has already been generated.","Hóa đơn đã được tạo ra.",,
"The invoice's unit is different and inconvertible into the stock move's unit.","Đơn vị của hóa đơn khác nhau và không thể chuyển đổi thành đơn vị của hoạt động chuyển kho.",,
"The process was stopped because the computation is stuck in an infinite loop. This error can be caused by a configuration error.","Quá trình đã dừng lại vì phép tính bị kẹt trong một vòng lặp vô hạn. Lỗi này có thể gây ra bởi một lỗi cấu hình.",,
"The product will not be delivered in time for its corresponding need.","Sản phẩm sẽ không được giao kịp thời cho nhu cầu tương ứng của nó.",,
"The proposal has been successfully generated.","Đề xuất đã được tạo thành công.",,
"The purchase order %s invoiced amount cannot be greater than its total amount.","Số tiền hóa đơn mua hàng %s không thể lớn hơn tổng tiền của nó.",,
"The purchase order trading name is missing.","Tên giao dịch đơn bán hàng bị thiếu.",,
"The quantity to invoice is greater than the quantity in the purchase order","Số lượng hóa đơn lớn hơn số lượng trong đơn bán hàng",,
"The quantity to invoice is greater than the quantity in the sale order","Số lượng hóa đơn lớn hơn số lượng trong đơn mua hàng",,
"The quantity to invoice is greater than the quantity in the stock move","Số lượng hóa đơn lớn hơn số lượng trong chuyển kho",,
"The requested quantity must be greater than the already delivered quantity.","Số lượng được yêu cầu phải lớn hơn số lượng đã được giao.",,
"The requested quantity must not be greater than the quantity in the stock move line %s.","Số lượng yêu cầu không được lớn hơn số lượng trong dòng chuyển kho %s.",,
"The reservation for an availability requested stock move cannot be lowered.","Không thể giảm số lượng dự trữ của một hoạt động chuyển theo yêu cầu còn hàng.",,
"The sale order %s invoiced amount cannot be greater than its total amount.","Số tiền của đơn bán hàng %s không được lớn hơn tổng số tiền của đơn bán hàng đó.",,
"The supplier is required and must be the same for all purchase orders","Nhà cung cấp là bắt buộc và phải giống nhau cho tất cả các đơn mua hàng",,
"The trading name must be the same for all purchase orders.","Tên giao dịch phải giống nhau cho tất cả các đơn mua hàng.",,
"The trading name must be the same for all sale orders.","Tên giao dịch phải giống nhau cho tất cả các đơn bán hàng.",,
"There are no lines to invoice","Không có bản ghi nào để lập hóa đơn",,
"There are no selected timetables to invoice","Không có thời gian biểu nào được chọn để lập hóa đơn",,
"There is at least one draft or planned stock move for this sale order.","Có ít nhất một bản thảo hoặc kế hoạch chuyển kho cho đơn đặt hàng này.",,
"There is no analytic distribution on %s purchase order line","Không có phân phối phân tích trên dòng đơn mua hàng %s",,
"There is no analytic distribution on %s sale order line","Không có phân phối phân tích trên dòng đơn bán hàng %s",,
"There is no supplier catalog for this product","Không có danh mục nhà cung cấp cho sản phẩm này",,
"This batch has already been running for this move date","Lô này đã được chạy cho ngày di chuyển kho này",,
"This operation cannot be performed. Available stock for product %s: %s, stock needed: %s. Please deallocate.","Không thể thực hiện thao tác này. Hàng có sẵn cho sản phẩm %s: %s, hàng cần: %s. Vui lòng phân bổ.",,
"This product is not stock managed.","Sản phẩm này không được quản lý trong kho.",,
"This quantity is not available in stock.","Số lượng này không có sẵn trong kho.",,
"Time limit","Thời gian giới hạn",,
"Timetable","Thời gian biểu",,
"Timetable computation date","Ngày tính toán thời gian biểu",,
"Timetable template","Mẫu thời gian biểu",,
"Timetable template line","Chi tiết mẫu thời gian biểu",,
"Timetable template lines","Chi tiết mẫu thời gian biểu",,
"Timetable templates","Mẫu thời gian biểu",,
"Timetables","Thời gian biểu",,
"Title","Tiêu đề",,
"To Date","Ngày kết thúc",,
"To process","Để xử lý",,
"To stock location","Kho nhận",,
"Tools","Công cụ",,
"Total amount attributed","Tổng số tiền được phân bổ",,
"Total subscription invoice(s) generated: %s","Tổng hóa đơn đăng ký đã tạo: %s",,
"Tracking Number","Mã truy vết",,
"Tracking number search","Tìm theo mã truy vết",,
"Type","Loại",,
"Undo manual changes","Hoàn tác các thay đổi thủ công",,
"Unit","Đơn vị",,
"Unit prices in A.T.I and in W.T. can't be mix","Đơn giá có thuế và đơn giá chưa thuế không thể gộp lẫn",,
"Unselect","Không chọn",,
"Unsupported product type: %s","Loại sản phẩm không được hỗ trợ: %s",,
"Update stock history","Cập nhật lịch sử kho",,
"Update stock history configuration","Cấu hình cập nhật lịch sử kho",,
"Usable on purchase order","Có thể sử dụng cho đơn mua hàng",,
"Usable on sale order","Có thể sử dụng cho đơn bán hàng",,
"Used Credit","Tín dụng đã sử dụng",,
"Validated for invoicing","Xác nhận để lập hóa đơn",,
"Validation step for invoicing outgoing stock move","Bước xác nhận để lập hóa đơn chuyển kho xuất đi",,
"Verify product stock before availabity request","Xác minh tồn kho sản phẩm trước yêu cầu khả dụng",,
"Warn delay from supplier","Cảnh báo sự chậm trễ từ nhà cung cấp",,
"Weekly breakdown","Sự cố hàng tuần",,
"When this is active, sale order will be automatically set to 'Order completed' status once 'Amount invoiced W.T.' is equal to 'Total W.T.'. This will happen when all invoices linked to the sale order get to status 'Ventilated'","Khi điều này được kích hoạt, đơn mua hàng sẽ tự động được đặt thành trạng thái 'Đơn hàng đã hoàn tất' ngay khi 'Tổng tiền hóa đơn chưa thuế' bằng 'Tổng tiền chưa thuế'. Điều này sẽ xảy ra khi tất cả các hóa đơn được liên kết với đơn mua hàng chuyển sang trạng thái 'Công bố'",,
"You cannot request reservation with a negative quantity.","Bạn không thể yêu cầu đặt trước với số lượng âm.",,
"You have to choose at least one incoming stock move","Bạn phải chọn ít nhất một hoạt động nhập kho",,
"You have to choose at least one outgoing stock move","Bạn phải chọn ít nhất một hoạt động xuất kho",,
"You must configure a Supply chain module for the company %s","Bạn phải cấu hình mô -đun chuỗi cung ứng cho công ty %s",,
"You must configure a cancel reason on changing sale order in app supplychain.","Bạn phải cấu hình lý do hủy để thay đổi đơn mua hàng trong ứng dụng cung ứng.",,
"You must configure a forecasted invoiced customer account for the company %s","Bạn phải cấu hình tài khoản khách hàng được lập hóa đơn dự báo cho công ty %s",,
"You must configure a forecasted invoiced supplier account for the company %s","Bạn phải cấu hình tài khoản nhà cung cấp được lập hóa đơn dự báo cho công ty %s",,
"You must configure an advance payment account for the company %s","Bạn phải cấu hình tài khoản thanh toán trước cho công ty %s",,
"You must configure an supplier advance payment account for the company %s","Bạn phải cấu hình tài khoản thanh toán trước của nhà cung cấp cho công ty %s",,
"com.axelor.apps.supplychain.job.BillSubJob",,,
"com.axelor.apps.supplychain.service.batch.SupplychainBatchService",,,
"day(s)","ngày",,
"declarationOfExchanges.ProductType.product",,,
"declarationOfExchanges.Service","Dịch vụ",,
"mainPanel","bảng điều khiển chính",,
"month(s)","Tháng",,
"value:Deliver for","Giao hàng cho",,
"value:Delivered by","Được giao bởi",,
"value:Invoice for","Lập hóa đơn cho",,
"value:Invoiced by","Lập hóa đơn bởi",,
"value:Order for","Đặt hàng cho",,
"value:Ordered by","Đặt hàng bởi",,
"value:Supplychain","Chuỗi cung ứng",,
